Session: 147,Game:,Wingman,User:,Survivor2
Game No.:,0
Day:,18,Month:,Sep,Year:,2017
Track:,Forest,Speed:,medium,Time:,60 (sec),
Target Angle:,46,Angle Incr:,1

BASIC DATA
Ring Num,Score,Arm Angle,Assisted
0,0,0.000,False
1,8,48.150,False
2,0,23.769,False
3,10,45.562,False
4,6,50.184,False
5,10,46.871,False
6,0,21.538,False
7,2,54.795,False
8,6,41.315,False
9,8,43.532,False
10,10,46.230,False
11,5,51.273,False
12,8,43.325,False
13,9,44.179,False

RAW DATA
BodyDepth, CentralPont (X | Y | Z),RightHand (X | Y | Z),LeftHand (X | Y | Z),RightElbow (X | Y | Z),LeftElbow (X | Y | Z),LeftAngle,RightAngle,Time,RingNumber,AchievementID
-0.011,0.000 | 6.675 | 0.016,0.590 | 6.773 | -0.018,-0.590 | 6.773 | -0.018,0.357 | 6.780 | -0.018,-0.357 | 6.780 | -0.018,0.000,0.000,2017-09-18 19:28:22,0,53
-0.056,0.002 | 6.666 | -0.025,0.457 | 6.459 | 0.085,-0.446 | 6.457 | 0.067,0.301 | 6.592 | -0.026,-0.295 | 6.601 | -0.036,0.000,0.000,2017-09-18 19:28:40,1,53
-0.017,-0.005 | 6.667 | 0.010,0.341 | 6.378 | 0.150,-0.336 | 6.374 | 0.140,0.229 | 6.538 | 0.023,-0.244 | 6.554 | 0.025,0.000,0.000,2017-09-18 19:28:41,1,53
0.002,-0.010 | 6.668 | 0.029,0.290 | 6.362 | 0.175,-0.297 | 6.352 | 0.166,0.196 | 6.523 | 0.036,-0.217 | 6.539 | 0.053,0.000,0.000,2017-09-18 19:28:41,1,53
0.010,-0.011 | 6.669 | 0.037,0.365 | 6.398 | 0.163,-0.438 | 6.428 | 0.129,0.223 | 6.539 | 0.043,-0.270 | 6.564 | 0.042,0.000,0.000,2017-09-18 19:28:41,1,53
0.014,-0.010 | 6.669 | 0.041,0.530 | 6.594 | 0.103,-0.569 | 6.615 | 0.022,0.311 | 6.621 | 0.028,-0.341 | 6.655 | -0.002,67.446,60.776,2017-09-18 19:28:41,1,53
0.016,-0.007 | 6.669 | 0.044,0.553 | 6.644 | 0.092,-0.574 | 6.642 | -0.053,0.332 | 6.656 | 0.017,-0.347 | 6.692 | -0.040,74.674,70.677,2017-09-18 19:28:41,1,53
0.016,-0.006 | 6.669 | 0.045,0.545 | 6.625 | 0.112,-0.574 | 6.649 | -0.031,0.334 | 6.657 | 0.019,-0.346 | 6.695 | -0.045,74.677,70.922,2017-09-18 19:28:42,1,53
0.016,-0.006 | 6.669 | 0.046,0.543 | 6.621 | 0.117,-0.568 | 6.632 | 0.008,0.333 | 6.653 | 0.023,-0.346 | 6.690 | -0.032,73.488,69.960,2017-09-18 19:28:42,1,53
0.016,-0.006 | 6.669 | 0.046,0.548 | 6.629 | 0.108,-0.566 | 6.621 | 0.020,0.333 | 6.654 | 0.021,-0.345 | 6.683 | -0.021,72.432,69.831,2017-09-18 19:28:42,1,53
0.017,-0.005 | 6.669 | 0.047,0.547 | 6.617 | 0.104,-0.559 | 6.608 | 0.049,0.333 | 6.653 | 0.017,-0.342 | 6.672 | -0.005,71.138,69.304,2017-09-18 19:28:42,1,53
0.018,-0.004 | 6.669 | 0.048,0.547 | 6.610 | 0.097,-0.559 | 6.610 | 0.055,0.332 | 6.647 | 0.014,-0.340 | 6.669 | 0.002,70.669,68.079,2017-09-18 19:28:42,1,53
0.018,-0.005 | 6.669 | 0.048,0.561 | 6.650 | 0.067,-0.584 | 6.713 | 0.017,0.337 | 6.663 | 0.004,-0.352 | 6.716 | -0.007,82.115,72.847,2017-09-18 19:28:43,1,53
0.016,-0.007 | 6.668 | 0.047,0.570 | 6.697 | 0.038,-0.590 | 6.789 | -0.006,0.342 | 6.695 | -0.010,-0.358 | 6.771 | -0.021,94.154,81.035,2017-09-18 19:28:43,1,53
0.014,-0.010 | 6.668 | 0.046,0.569 | 6.700 | 0.038,-0.592 | 6.775 | 0.005,0.341 | 6.703 | -0.013,-0.361 | 6.780 | -0.022,95.782,82.024,2017-09-18 19:28:43,1,53
0.014,-0.012 | 6.668 | 0.046,0.552 | 6.639 | 0.065,-0.576 | 6.637 | 0.047,0.334 | 6.682 | -0.008,-0.363 | 6.719 | 0.000,80.487,75.922,2017-09-18 19:28:43,1,53
0.017,-0.014 | 6.669 | 0.047,0.420 | 6.435 | 0.119,-0.421 | 6.407 | 0.110,0.278 | 6.587 | 0.013,-0.299 | 6.588 | 0.028,44.163,47.784,2017-09-18 19:28:44,1,53
0.024,-0.017 | 6.669 | 0.051,0.244 | 6.334 | 0.156,-0.254 | 6.321 | 0.146,0.189 | 6.525 | 0.034,-0.217 | 6.529 | 0.049,19.878,21.930,2017-09-18 19:28:44,1,53
0.027,-0.019 | 6.669 | 0.053,0.243 | 6.325 | 0.143,-0.280 | 6.324 | 0.155,0.168 | 6.517 | 0.034,-0.213 | 6.524 | 0.055,19.012,16.943,2017-09-18 19:28:44,1,53
0.027,-0.021 | 6.669 | 0.055,0.505 | 6.531 | 0.012,-0.578 | 6.610 | 0.034,0.284 | 6.600 | -0.011,-0.349 | 6.643 | 0.007,64.800,54.133,2017-09-18 19:28:44,1,53
0.027,-0.021 | 6.668 | 0.057,0.547 | 6.641 | -0.008,-0.604 | 6.724 | 0.017,0.317 | 6.667 | -0.032,-0.372 | 6.725 | -0.005,84.331,72.383,2017-09-18 19:28:44,1,53
0.026,-0.021 | 6.668 | 0.057,0.412 | 6.430 | 0.120,-0.483 | 6.461 | 0.121,0.273 | 6.588 | 0.018,-0.330 | 6.614 | 0.035,53.893,48.524,2017-09-18 19:28:45,1,53
0.026,-0.021 | 6.668 | 0.056,0.378 | 6.403 | 0.129,-0.447 | 6.427 | 0.132,0.258 | 6.573 | 0.024,-0.316 | 6.597 | 0.040,48.150,43.277,2017-09-18 19:28:45,1,53
0.025,-0.022 | 6.668 | 0.054,0.228 | 6.328 | 0.154,-0.283 | 6.325 | 0.141,0.174 | 6.522 | 0.037,-0.234 | 6.535 | 0.052,22.874,19.197,2017-09-18 19:28:45,2,53
0.024,-0.022 | 6.668 | 0.052,0.365 | 6.379 | 0.104,-0.433 | 6.394 | 0.097,0.208 | 6.533 | 0.027,-0.275 | 6.553 | 0.033,34.444,29.082,2017-09-18 19:28:45,2,53
0.025,-0.022 | 6.668 | 0.053,0.480 | 6.490 | 0.061,-0.553 | 6.546 | 0.061,0.274 | 6.585 | 0.006,-0.337 | 6.617 | 0.010,57.043,50.999,2017-09-18 19:28:45,2,53
0.024,-0.023 | 6.668 | 0.053,0.458 | 6.468 | 0.092,-0.534 | 6.521 | 0.102,0.278 | 6.589 | 0.007,-0.342 | 6.625 | 0.021,58.788,52.538,2017-09-18 19:28:46,2,53
0.024,-0.023 | 6.668 | 0.053,0.424 | 6.431 | 0.107,-0.472 | 6.443 | 0.127,0.261 | 6.572 | 0.017,-0.318 | 6.594 | 0.037,48.732,46.466,2017-09-18 19:28:46,2,53
0.024,-0.023 | 6.668 | 0.053,0.414 | 6.420 | 0.106,-0.465 | 6.431 | 0.121,0.253 | 6.565 | 0.020,-0.308 | 6.583 | 0.040,44.849,43.530,2017-09-18 19:28:46,2,53
0.024,-0.023 | 6.668 | 0.053,0.434 | 6.441 | 0.096,-0.509 | 6.474 | 0.096,0.255 | 6.567 | 0.017,-0.318 | 6.591 | 0.032,47.952,44.251,2017-09-18 19:28:46,2,53
0.024,-0.024 | 6.668 | 0.053,0.447 | 6.457 | 0.091,-0.526 | 6.497 | 0.089,0.262 | 6.574 | 0.013,-0.329 | 6.604 | 0.026,52.186,46.673,2017-09-18 19:28:46,2,53
0.022,-0.023 | 6.668 | 0.052,0.452 | 6.461 | 0.088,-0.527 | 6.501 | 0.088,0.266 | 6.579 | 0.010,-0.336 | 6.614 | 0.019,55.271,48.041,2017-09-18 19:28:47,2,53
0.020,-0.022 | 6.668 | 0.050,0.410 | 6.416 | 0.098,-0.366 | 6.364 | 0.134,0.256 | 6.568 | 0.009,-0.273 | 6.555 | 0.038,33.129,44.158,2017-09-18 19:28:47,2,53
0.017,-0.021 | 6.668 | 0.046,0.342 | 6.371 | 0.122,-0.314 | 6.339 | 0.139,0.221 | 6.541 | 0.019,-0.235 | 6.536 | 0.044,22.499,32.748,2017-09-18 19:28:47,2,53
0.015,-0.020 | 6.668 | 0.043,0.329 | 6.361 | 0.120,-0.315 | 6.341 | 0.141,0.207 | 6.533 | 0.021,-0.228 | 6.535 | 0.044,21.059,28.320,2017-09-18 19:28:47,2,53
0.014,-0.019 | 6.668 | 0.042,0.359 | 6.369 | 0.088,-0.387 | 6.374 | 0.122,0.214 | 6.535 | 0.014,-0.254 | 6.547 | 0.039,28.620,30.025,2017-09-18 19:28:47,2,53
0.014,-0.019 | 6.668 | 0.042,0.374 | 6.376 | 0.077,-0.403 | 6.382 | 0.115,0.224 | 6.541 | 0.006,-0.269 | 6.556 | 0.035,33.302,33.088,2017-09-18 19:28:48,2,53
0.014,-0.018 | 6.668 | 0.042,0.373 | 6.377 | 0.081,-0.363 | 6.359 | 0.122,0.227 | 6.542 | 0.005,-0.259 | 6.550 | 0.038,30.210,33.816,2017-09-18 19:28:48,2,53
0.015,-0.018 | 6.669 | 0.043,0.369 | 6.376 | 0.086,-0.342 | 6.347 | 0.122,0.226 | 6.542 | 0.007,-0.247 | 6.543 | 0.039,26.669,33.689,2017-09-18 19:28:48,2,53
0.016,-0.019 | 6.669 | 0.045,0.365 | 6.372 | 0.088,-0.335 | 6.343 | 0.122,0.224 | 6.540 | 0.009,-0.241 | 6.540 | 0.040,24.785,33.152,2017-09-18 19:28:48,2,53
0.017,-0.020 | 6.668 | 0.046,0.362 | 6.370 | 0.089,-0.335 | 6.342 | 0.123,0.221 | 6.539 | 0.011,-0.240 | 6.539 | 0.041,24.155,32.774,2017-09-18 19:28:48,2,53
0.019,-0.021 | 6.668 | 0.047,0.360 | 6.369 | 0.088,-0.336 | 6.342 | 0.124,0.220 | 6.539 | 0.012,-0.240 | 6.538 | 0.042,23.990,32.558,2017-09-18 19:28:49,2,53
0.020,-0.021 | 6.668 | 0.048,0.359 | 6.368 | 0.088,-0.337 | 6.342 | 0.124,0.219 | 6.538 | 0.013,-0.240 | 6.538 | 0.043,23.916,32.405,2017-09-18 19:28:49,2,53
0.021,-0.022 | 6.668 | 0.049,0.359 | 6.367 | 0.087,-0.335 | 6.341 | 0.125,0.218 | 6.538 | 0.013,-0.240 | 6.537 | 0.044,23.793,32.307,2017-09-18 19:28:49,2,53
0.021,-0.022 | 6.668 | 0.050,0.359 | 6.367 | 0.087,-0.335 | 6.340 | 0.126,0.218 | 6.538 | 0.013,-0.240 | 6.537 | 0.044,23.769,32.304,2017-09-18 19:28:49,2,53
0.021,-0.022 | 6.668 | 0.050,0.375 | 6.379 | 0.083,-0.371 | 6.356 | 0.112,0.222 | 6.540 | 0.013,-0.250 | 6.541 | 0.041,26.389,33.565,2017-09-18 19:28:49,3,53
0.022,-0.022 | 6.668 | 0.051,0.457 | 6.460 | 0.068,-0.477 | 6.437 | 0.086,0.262 | 6.571 | 0.005,-0.298 | 6.573 | 0.025,41.208,46.193,2017-09-18 19:28:50,3,53
0.022,-0.022 | 6.668 | 0.051,0.436 | 6.443 | 0.099,-0.438 | 6.407 | 0.114,0.267 | 6.577 | 0.011,-0.296 | 6.572 | 0.031,40.548,48.194,2017-09-18 19:28:50,3,53
0.023,-0.022 | 6.668 | 0.052,0.389 | 6.403 | 0.119,-0.400 | 6.377 | 0.117,0.237 | 6.552 | 0.025,-0.279 | 6.559 | 0.036,35.387,38.004,2017-09-18 19:28:50,3,53
0.024,-0.022 | 6.669 | 0.053,0.347 | 6.375 | 0.126,-0.345 | 6.346 | 0.124,0.208 | 6.534 | 0.026,-0.253 | 6.543 | 0.041,27.487,29.126,2017-09-18 19:28:50,3,53
0.024,-0.021 | 6.669 | 0.052,0.322 | 6.363 | 0.134,-0.320 | 6.337 | 0.131,0.193 | 6.527 | 0.029,-0.238 | 6.537 | 0.044,23.256,24.915,2017-09-18 19:28:50,3,53
0.023,-0.021 | 6.669 | 0.052,0.319 | 6.359 | 0.136,-0.317 | 6.336 | 0.132,0.194 | 6.527 | 0.034,-0.232 | 6.535 | 0.045,21.899,25.279,2017-09-18 19:28:51,3,53
0.023,-0.021 | 6.669 | 0.052,0.314 | 6.352 | 0.132,-0.306 | 6.333 | 0.138,0.196 | 6.528 | 0.033,-0.229 | 6.534 | 0.047,20.981,25.861,2017-09-18 19:28:51,3,53
0.024,-0.021 | 6.669 | 0.052,0.250 | 6.323 | 0.133,-0.258 | 6.320 | 0.147,0.179 | 6.521 | 0.033,-0.209 | 6.527 | 0.051,15.600,21.162,2017-09-18 19:28:51,3,53
0.024,-0.021 | 6.669 | 0.052,0.238 | 6.318 | 0.131,-0.251 | 6.319 | 0.149,0.169 | 6.517 | 0.032,-0.201 | 6.525 | 0.053,13.634,18.555,2017-09-18 19:28:51,3,53
0.025,-0.021 | 6.669 | 0.052,0.241 | 6.318 | 0.129,-0.257 | 6.320 | 0.150,0.167 | 6.516 | 0.032,-0.201 | 6.525 | 0.053,13.535,18.035,2017-09-18 19:28:52,3,53
0.025,-0.021 | 6.669 | 0.053,0.321 | 6.352 | 0.117,-0.360 | 6.356 | 0.129,0.188 | 6.524 | 0.033,-0.236 | 6.537 | 0.050,23.237,23.774,2017-09-18 19:28:52,3,53
0.026,-0.021 | 6.669 | 0.053,0.422 | 6.423 | 0.091,-0.477 | 6.445 | 0.105,0.242 | 6.554 | 0.021,-0.296 | 6.574 | 0.035,41.365,39.481,2017-09-18 19:28:52,3,53
0.026,-0.021 | 6.669 | 0.054,0.457 | 6.462 | 0.087,-0.515 | 6.492 | 0.099,0.267 | 6.576 | 0.013,-0.322 | 6.601 | 0.028,50.561,47.819,2017-09-18 19:28:52,3,53
0.025,-0.021 | 6.669 | 0.054,0.459 | 6.465 | 0.091,-0.521 | 6.499 | 0.099,0.273 | 6.583 | 0.014,-0.329 | 6.610 | 0.027,53.369,49.953,2017-09-18 19:28:52,3,53
0.025,-0.021 | 6.669 | 0.054,0.457 | 6.462 | 0.093,-0.520 | 6.497 | 0.097,0.274 | 6.583 | 0.015,-0.329 | 6.611 | 0.028,53.583,50.033,2017-09-18 19:28:53,3,53
0.025,-0.020 | 6.669 | 0.054,0.456 | 6.459 | 0.092,-0.519 | 6.493 | 0.092,0.274 | 6.583 | 0.015,-0.328 | 6.610 | 0.026,53.352,49.805,2017-09-18 19:28:53,3,53
0.024,-0.020 | 6.669 | 0.054,0.454 | 6.456 | 0.091,-0.491 | 6.455 | 0.092,0.273 | 6.582 | 0.015,-0.321 | 6.600 | 0.025,50.395,49.413,2017-09-18 19:28:53,3,53
0.024,-0.020 | 6.669 | 0.054,0.452 | 6.454 | 0.091,-0.481 | 6.447 | 0.099,0.272 | 6.581 | 0.015,-0.315 | 6.592 | 0.025,47.814,49.067,2017-09-18 19:28:53,3,53
0.024,-0.020 | 6.669 | 0.054,0.452 | 6.454 | 0.090,-0.477 | 6.444 | 0.105,0.271 | 6.581 | 0.015,-0.310 | 6.587 | 0.027,46.119,48.935,2017-09-18 19:28:53,3,53
0.024,-0.020 | 6.669 | 0.054,0.453 | 6.455 | 0.089,-0.481 | 6.449 | 0.106,0.271 | 6.581 | 0.015,-0.309 | 6.586 | 0.029,45.564,48.894,2017-09-18 19:28:54,3,53
0.024,-0.020 | 6.669 | 0.054,0.453 | 6.455 | 0.089,-0.482 | 6.451 | 0.106,0.271 | 6.581 | 0.015,-0.309 | 6.586 | 0.029,45.562,48.889,2017-09-18 19:28:54,3,53
0.024,-0.020 | 6.669 | 0.054,0.453 | 6.455 | 0.088,-0.488 | 6.458 | 0.106,0.271 | 6.581 | 0.015,-0.310 | 6.587 | 0.030,45.901,48.859,2017-09-18 19:28:54,4,53
0.025,-0.020 | 6.669 | 0.055,0.453 | 6.455 | 0.088,-0.491 | 6.460 | 0.106,0.271 | 6.581 | 0.015,-0.311 | 6.589 | 0.031,46.285,48.829,2017-09-18 19:28:54,4,53
0.025,-0.020 | 6.669 | 0.055,0.424 | 6.425 | 0.098,-0.446 | 6.415 | 0.114,0.263 | 6.573 | 0.018,-0.301 | 6.579 | 0.034,42.677,46.040,2017-09-18 19:28:54,4,53
0.027,-0.020 | 6.669 | 0.056,0.353 | 6.370 | 0.117,-0.368 | 6.358 | 0.122,0.222 | 6.541 | 0.028,-0.264 | 6.551 | 0.042,31.394,32.643,2017-09-18 19:28:55,4,53
0.028,-0.020 | 6.669 | 0.057,0.312 | 6.353 | 0.134,-0.326 | 6.339 | 0.135,0.190 | 6.525 | 0.034,-0.242 | 6.538 | 0.048,25.195,23.686,2017-09-18 19:28:55,4,53
0.028,-0.019 | 6.669 | 0.057,0.300 | 6.348 | 0.145,-0.307 | 6.334 | 0.146,0.190 | 6.525 | 0.040,-0.231 | 6.534 | 0.052,22.271,23.587,2017-09-18 19:28:55,4,53
0.028,-0.018 | 6.669 | 0.056,0.294 | 6.344 | 0.147,-0.284 | 6.328 | 0.151,0.191 | 6.524 | 0.041,-0.219 | 6.531 | 0.055,19.315,23.725,2017-09-18 19:28:55,4,53
0.028,-0.018 | 6.669 | 0.056,0.289 | 6.341 | 0.146,-0.272 | 6.323 | 0.150,0.189 | 6.523 | 0.041,-0.212 | 6.528 | 0.057,17.360,23.252,2017-09-18 19:28:55,4,53
0.029,-0.018 | 6.669 | 0.057,0.287 | 6.340 | 0.146,-0.273 | 6.323 | 0.149,0.188 | 6.523 | 0.042,-0.211 | 6.527 | 0.056,17.234,22.822,2017-09-18 19:28:56,4,53
0.030,-0.018 | 6.669 | 0.057,0.296 | 6.342 | 0.142,-0.285 | 6.326 | 0.150,0.188 | 6.523 | 0.042,-0.214 | 6.528 | 0.057,18.280,22.849,2017-09-18 19:28:56,4,53
0.031,-0.018 | 6.669 | 0.058,0.414 | 6.415 | 0.104,-0.417 | 6.397 | 0.134,0.236 | 6.548 | 0.032,-0.265 | 6.553 | 0.053,33.140,36.441,2017-09-18 19:28:56,4,53
0.031,-0.018 | 6.669 | 0.059,0.473 | 6.478 | 0.088,-0.489 | 6.468 | 0.122,0.275 | 6.582 | 0.019,-0.305 | 6.586 | 0.043,45.816,49.509,2017-09-18 19:28:56,4,53
0.030,-0.017 | 6.669 | 0.059,0.488 | 6.501 | 0.088,-0.511 | 6.497 | 0.118,0.287 | 6.596 | 0.017,-0.319 | 6.604 | 0.041,50.833,54.295,2017-09-18 19:28:56,4,53
0.030,-0.017 | 6.669 | 0.059,0.491 | 6.506 | 0.091,-0.520 | 6.507 | 0.113,0.291 | 6.600 | 0.018,-0.326 | 6.614 | 0.040,53.743,55.641,2017-09-18 19:28:57,4,53
0.029,-0.017 | 6.669 | 0.059,0.492 | 6.506 | 0.092,-0.520 | 6.507 | 0.111,0.292 | 6.601 | 0.020,-0.328 | 6.617 | 0.039,54.517,56.018,2017-09-18 19:28:57,4,53
0.029,-0.017 | 6.669 | 0.059,0.492 | 6.506 | 0.092,-0.519 | 6.505 | 0.110,0.292 | 6.601 | 0.020,-0.327 | 6.616 | 0.038,54.231,56.054,2017-09-18 19:28:57,4,53
0.029,-0.017 | 6.669 | 0.059,0.491 | 6.505 | 0.092,-0.518 | 6.502 | 0.109,0.291 | 6.601 | 0.021,-0.327 | 6.614 | 0.038,53.786,55.981,2017-09-18 19:28:57,4,53
0.029,-0.017 | 6.669 | 0.059,0.491 | 6.504 | 0.092,-0.514 | 6.495 | 0.110,0.291 | 6.601 | 0.021,-0.326 | 6.612 | 0.038,53.209,55.866,2017-09-18 19:28:58,4,53
0.029,-0.018 | 6.669 | 0.059,0.490 | 6.503 | 0.092,-0.503 | 6.481 | 0.113,0.290 | 6.601 | 0.020,-0.322 | 6.607 | 0.038,51.569,55.731,2017-09-18 19:28:58,4,53
0.029,-0.018 | 6.669 | 0.059,0.489 | 6.503 | 0.091,-0.500 | 6.477 | 0.114,0.290 | 6.601 | 0.020,-0.320 | 6.603 | 0.038,50.559,55.669,2017-09-18 19:28:58,4,53
0.029,-0.018 | 6.669 | 0.059,0.489 | 6.503 | 0.091,-0.500 | 6.477 | 0.115,0.290 | 6.601 | 0.020,-0.318 | 6.602 | 0.039,50.184,55.627,2017-09-18 19:28:58,4,53
0.029,-0.017 | 6.669 | 0.059,0.489 | 6.502 | 0.091,-0.499 | 6.477 | 0.115,0.290 | 6.601 | 0.020,-0.318 | 6.602 | 0.039,49.981,55.604,2017-09-18 19:28:58,5,53
0.029,-0.017 | 6.669 | 0.059,0.489 | 6.501 | 0.090,-0.499 | 6.477 | 0.116,0.291 | 6.601 | 0.020,-0.317 | 6.601 | 0.039,49.872,55.567,2017-09-18 19:28:59,5,53
0.028,-0.017 | 6.669 | 0.058,0.410 | 6.413 | 0.111,-0.431 | 6.411 | 0.135,0.263 | 6.570 | 0.022,-0.295 | 6.578 | 0.047,41.778,45.118,2017-09-18 19:28:59,5,53
0.028,-0.017 | 6.669 | 0.058,0.343 | 6.369 | 0.125,-0.368 | 6.364 | 0.140,0.209 | 6.533 | 0.027,-0.260 | 6.552 | 0.055,30.698,28.329,2017-09-18 19:28:59,5,53
0.026,-0.018 | 6.669 | 0.056,0.301 | 6.358 | 0.156,-0.315 | 6.342 | 0.151,0.191 | 6.526 | 0.038,-0.239 | 6.541 | 0.058,24.479,23.776,2017-09-18 19:28:59,5,53
0.024,-0.018 | 6.669 | 0.053,0.269 | 6.345 | 0.169,-0.288 | 6.333 | 0.157,0.184 | 6.525 | 0.047,-0.221 | 6.534 | 0.061,19.590,21.970,2017-09-18 19:28:59,5,53
0.023,-0.018 | 6.668 | 0.051,0.263 | 6.338 | 0.163,-0.285 | 6.332 | 0.157,0.181 | 6.523 | 0.048,-0.216 | 6.533 | 0.061,18.238,21.317,2017-09-18 19:29:00,5,53
0.024,-0.019 | 6.669 | 0.052,0.266 | 6.334 | 0.153,-0.273 | 6.328 | 0.161,0.180 | 6.523 | 0.047,-0.212 | 6.531 | 0.063,16.967,21.169,2017-09-18 19:29:00,5,53
0.026,-0.020 | 6.669 | 0.054,0.258 | 6.329 | 0.146,-0.264 | 6.326 | 0.164,0.177 | 6.523 | 0.045,-0.208 | 6.530 | 0.065,15.800,20.542,2017-09-18 19:29:00,5,53
0.030,-0.021 | 6.670 | 0.056,0.298 | 6.347 | 0.142,-0.341 | 6.348 | 0.148,0.186 | 6.527 | 0.045,-0.233 | 6.536 | 0.064,23.095,22.702,2017-09-18 19:29:00,5,53
0.037,-0.022 | 6.671 | 0.064,0.434 | 6.440 | 0.106,-0.512 | 6.483 | 0.103,0.252 | 6.569 | 0.038,-0.317 | 6.593 | 0.039,49.682,42.443,2017-09-18 19:29:01,5,53
0.037,-0.021 | 6.671 | 0.065,0.477 | 6.491 | 0.091,-0.534 | 6.519 | 0.106,0.279 | 6.596 | 0.026,-0.337 | 6.622 | 0.037,57.873,52.039,2017-09-18 19:29:01,5,53
0.036,-0.021 | 6.671 | 0.064,0.487 | 6.509 | 0.094,-0.532 | 6.517 | 0.110,0.287 | 6.605 | 0.024,-0.339 | 6.627 | 0.038,58.899,55.176,2017-09-18 19:29:01,5,53
0.034,-0.021 | 6.671 | 0.063,0.488 | 6.511 | 0.096,-0.515 | 6.493 | 0.113,0.288 | 6.608 | 0.025,-0.335 | 6.621 | 0.039,56.896,55.716,2017-09-18 19:29:01,5,53
0.034,-0.021 | 6.671 | 0.062,0.487 | 6.508 | 0.097,-0.486 | 6.456 | 0.117,0.288 | 6.608 | 0.025,-0.316 | 6.596 | 0.039,49.165,55.637,2017-09-18 19:29:01,5,53
0.033,-0.021 | 6.671 | 0.062,0.485 | 6.505 | 0.097,-0.473 | 6.443 | 0.122,0.288 | 6.607 | 0.026,-0.307 | 6.585 | 0.041,45.789,55.505,2017-09-18 19:29:02,5,53
0.033,-0.021 | 6.671 | 0.062,0.485 | 6.504 | 0.097,-0.473 | 6.443 | 0.122,0.288 | 6.607 | 0.026,-0.305 | 6.583 | 0.042,45.405,55.351,2017-09-18 19:29:02,5,53
0.032,-0.021 | 6.671 | 0.061,0.484 | 6.503 | 0.096,-0.479 | 6.448 | 0.121,0.288 | 6.607 | 0.025,-0.306 | 6.584 | 0.043,45.965,55.317,2017-09-18 19:29:02,5,53
0.032,-0.021 | 6.671 | 0.061,0.485 | 6.502 | 0.094,-0.481 | 6.451 | 0.121,0.288 | 6.606 | 0.024,-0.307 | 6.585 | 0.043,46.463,55.457,2017-09-18 19:29:02,5,53
0.032,-0.021 | 6.671 | 0.060,0.486 | 6.502 | 0.090,-0.482 | 6.451 | 0.121,0.289 | 6.606 | 0.022,-0.308 | 6.586 | 0.043,46.716,55.744,2017-09-18 19:29:02,5,53
0.031,-0.020 | 6.671 | 0.060,0.487 | 6.502 | 0.087,-0.481 | 6.451 | 0.121,0.289 | 6.607 | 0.021,-0.308 | 6.586 | 0.043,46.864,55.845,2017-09-18 19:29:03,5,53
0.031,-0.020 | 6.671 | 0.060,0.487 | 6.502 | 0.087,-0.481 | 6.451 | 0.121,0.289 | 6.607 | 0.021,-0.308 | 6.586 | 0.043,46.871,55.845,2017-09-18 19:29:03,5,53
0.031,-0.020 | 6.671 | 0.059,0.487 | 6.502 | 0.087,-0.481 | 6.451 | 0.121,0.290 | 6.607 | 0.020,-0.307 | 6.586 | 0.043,46.898,55.844,2017-09-18 19:29:03,6,53
0.030,-0.020 | 6.671 | 0.059,0.484 | 6.498 | 0.088,-0.481 | 6.451 | 0.120,0.289 | 6.606 | 0.020,-0.307 | 6.586 | 0.042,46.892,55.679,2017-09-18 19:29:03,6,53
0.030,-0.020 | 6.671 | 0.058,0.436 | 6.441 | 0.105,-0.455 | 6.425 | 0.125,0.276 | 6.588 | 0.023,-0.301 | 6.580 | 0.042,44.798,50.104,2017-09-18 19:29:03,6,53
0.030,-0.020 | 6.671 | 0.058,0.345 | 6.369 | 0.125,-0.372 | 6.363 | 0.135,0.219 | 6.541 | 0.030,-0.269 | 6.554 | 0.050,34.269,31.426,2017-09-18 19:29:03,6,53
0.030,-0.020 | 6.671 | 0.058,0.280 | 6.342 | 0.150,-0.325 | 6.338 | 0.141,0.190 | 6.527 | 0.040,-0.242 | 6.539 | 0.054,26.571,23.122,2017-09-18 19:29:04,6,53
0.030,-0.019 | 6.671 | 0.058,0.244 | 6.326 | 0.151,-0.292 | 6.327 | 0.149,0.178 | 6.522 | 0.044,-0.224 | 6.530 | 0.056,21.700,19.886,2017-09-18 19:29:04,6,53
0.030,-0.019 | 6.671 | 0.058,0.240 | 6.322 | 0.146,-0.287 | 6.325 | 0.149,0.174 | 6.521 | 0.044,-0.218 | 6.527 | 0.057,20.131,18.742,2017-09-18 19:29:04,6,53
0.031,-0.019 | 6.671 | 0.058,0.252 | 6.325 | 0.143,-0.291 | 6.326 | 0.148,0.176 | 6.522 | 0.043,-0.218 | 6.527 | 0.056,20.193,19.206,2017-09-18 19:29:04,6,53
0.031,-0.020 | 6.671 | 0.058,0.256 | 6.327 | 0.142,-0.292 | 6.326 | 0.148,0.178 | 6.523 | 0.042,-0.219 | 6.527 | 0.057,20.399,19.653,2017-09-18 19:29:05,6,53
0.032,-0.020 | 6.671 | 0.059,0.267 | 6.332 | 0.142,-0.295 | 6.326 | 0.147,0.181 | 6.525 | 0.042,-0.220 | 6.528 | 0.057,20.668,20.664,2017-09-18 19:29:05,6,53
0.032,-0.021 | 6.671 | 0.059,0.277 | 6.337 | 0.142,-0.299 | 6.326 | 0.145,0.184 | 6.526 | 0.042,-0.222 | 6.528 | 0.056,20.963,21.599,2017-09-18 19:29:05,6,53
0.032,-0.022 | 6.671 | 0.060,0.280 | 6.339 | 0.142,-0.301 | 6.327 | 0.143,0.185 | 6.527 | 0.042,-0.223 | 6.528 | 0.055,21.261,22.004,2017-09-18 19:29:05,6,53
0.032,-0.022 | 6.671 | 0.060,0.282 | 6.340 | 0.143,-0.302 | 6.327 | 0.143,0.185 | 6.527 | 0.042,-0.224 | 6.528 | 0.055,21.442,22.215,2017-09-18 19:29:05,6,53
0.032,-0.022 | 6.671 | 0.060,0.282 | 6.340 | 0.143,-0.303 | 6.327 | 0.143,0.186 | 6.527 | 0.042,-0.225 | 6.528 | 0.055,21.538,22.401,2017-09-18 19:29:06,6,53
0.032,-0.022 | 6.671 | 0.060,0.283 | 6.340 | 0.142,-0.305 | 6.328 | 0.143,0.186 | 6.527 | 0.041,-0.226 | 6.528 | 0.055,21.608,22.635,2017-09-18 19:29:06,6,53
0.032,-0.022 | 6.671 | 0.060,0.285 | 6.341 | 0.141,-0.306 | 6.328 | 0.143,0.187 | 6.528 | 0.041,-0.226 | 6.528 | 0.054,21.635,22.941,2017-09-18 19:29:06,6,53
0.032,-0.022 | 6.671 | 0.059,0.286 | 6.342 | 0.140,-0.306 | 6.328 | 0.143,0.189 | 6.528 | 0.040,-0.226 | 6.529 | 0.054,21.641,23.208,2017-09-18 19:29:06,6,53
0.031,-0.022 | 6.671 | 0.058,0.288 | 6.342 | 0.140,-0.305 | 6.329 | 0.142,0.190 | 6.528 | 0.039,-0.225 | 6.529 | 0.054,21.619,23.447,2017-09-18 19:29:06,6,53
0.030,-0.021 | 6.671 | 0.057,0.289 | 6.343 | 0.140,-0.305 | 6.329 | 0.142,0.191 | 6.528 | 0.039,-0.225 | 6.529 | 0.053,21.611,23.634,2017-09-18 19:29:07,6,53
0.030,-0.021 | 6.671 | 0.057,0.290 | 6.343 | 0.140,-0.305 | 6.329 | 0.142,0.191 | 6.528 | 0.038,-0.224 | 6.529 | 0.052,21.597,23.743,2017-09-18 19:29:07,6,53
0.029,-0.021 | 6.671 | 0.056,0.290 | 6.343 | 0.140,-0.305 | 6.329 | 0.141,0.192 | 6.528 | 0.038,-0.224 | 6.529 | 0.052,21.556,23.815,2017-09-18 19:29:07,6,53
0.029,-0.020 | 6.671 | 0.056,0.290 | 6.343 | 0.140,-0.305 | 6.329 | 0.141,0.192 | 6.528 | 0.038,-0.224 | 6.529 | 0.052,21.538,23.829,2017-09-18 19:29:07,6,53
0.029,-0.020 | 6.671 | 0.056,0.290 | 6.343 | 0.139,-0.304 | 6.329 | 0.139,0.193 | 6.528 | 0.037,-0.223 | 6.528 | 0.050,21.503,23.824,2017-09-18 19:29:07,7,53
0.028,-0.020 | 6.671 | 0.055,0.290 | 6.342 | 0.138,-0.304 | 6.329 | 0.138,0.193 | 6.528 | 0.037,-0.223 | 6.528 | 0.049,21.508,23.662,2017-09-18 19:29:08,7,53
0.027,-0.019 | 6.671 | 0.054,0.289 | 6.342 | 0.137,-0.305 | 6.329 | 0.137,0.193 | 6.529 | 0.036,-0.223 | 6.528 | 0.048,21.663,23.491,2017-09-18 19:29:08,7,53
0.026,-0.019 | 6.671 | 0.053,0.288 | 6.341 | 0.136,-0.306 | 6.330 | 0.137,0.193 | 6.529 | 0.035,-0.224 | 6.529 | 0.048,22.147,23.222,2017-09-18 19:29:08,7,53
0.026,-0.019 | 6.671 | 0.053,0.287 | 6.341 | 0.135,-0.306 | 6.330 | 0.137,0.192 | 6.529 | 0.035,-0.225 | 6.529 | 0.047,22.373,22.980,2017-09-18 19:29:08,7,53
0.026,-0.019 | 6.671 | 0.053,0.286 | 6.341 | 0.135,-0.306 | 6.330 | 0.137,0.192 | 6.529 | 0.034,-0.225 | 6.529 | 0.047,22.388,22.874,2017-09-18 19:29:08,7,53
0.026,-0.019 | 6.671 | 0.053,0.286 | 6.341 | 0.135,-0.306 | 6.330 | 0.137,0.192 | 6.528 | 0.034,-0.224 | 6.529 | 0.047,22.333,22.863,2017-09-18 19:29:09,7,53
0.026,-0.019 | 6.671 | 0.053,0.286 | 6.341 | 0.135,-0.306 | 6.330 | 0.137,0.192 | 6.528 | 0.034,-0.224 | 6.529 | 0.047,22.275,22.866,2017-09-18 19:29:09,7,53
0.026,-0.019 | 6.671 | 0.053,0.284 | 6.339 | 0.135,-0.306 | 6.330 | 0.137,0.192 | 6.528 | 0.034,-0.224 | 6.529 | 0.047,22.283,22.865,2017-09-18 19:29:09,7,53
0.026,-0.018 | 6.671 | 0.053,0.263 | 6.329 | 0.132,-0.295 | 6.326 | 0.137,0.186 | 6.526 | 0.033,-0.223 | 6.529 | 0.047,22.006,21.390,2017-09-18 19:29:09,7,53
0.026,-0.018 | 6.671 | 0.052,0.238 | 6.320 | 0.131,-0.270 | 6.319 | 0.139,0.177 | 6.523 | 0.033,-0.215 | 6.526 | 0.047,19.787,18.953,2017-09-18 19:29:09,7,53
0.026,-0.018 | 6.671 | 0.052,0.233 | 6.318 | 0.131,-0.262 | 6.317 | 0.140,0.174 | 6.522 | 0.033,-0.210 | 6.524 | 0.047,18.512,18.133,2017-09-18 19:29:10,7,53
0.025,-0.018 | 6.671 | 0.052,0.233 | 6.318 | 0.131,-0.257 | 6.316 | 0.141,0.174 | 6.521 | 0.033,-0.207 | 6.524 | 0.047,17.759,18.003,2017-09-18 19:29:10,7,53
0.025,-0.018 | 6.671 | 0.051,0.235 | 6.318 | 0.129,-0.252 | 6.315 | 0.142,0.173 | 6.521 | 0.033,-0.204 | 6.523 | 0.048,16.803,17.834,2017-09-18 19:29:10,7,53
0.025,-0.018 | 6.671 | 0.051,0.330 | 6.359 | 0.116,-0.336 | 6.342 | 0.126,0.198 | 6.530 | 0.030,-0.229 | 6.532 | 0.045,23.599,24.645,2017-09-18 19:29:10,7,53
0.024,-0.018 | 6.671 | 0.051,0.413 | 6.419 | 0.103,-0.418 | 6.391 | 0.115,0.243 | 6.557 | 0.023,-0.273 | 6.557 | 0.040,36.347,37.931,2017-09-18 19:29:11,7,53
0.025,-0.018 | 6.671 | 0.051,0.443 | 6.451 | 0.105,-0.452 | 6.423 | 0.116,0.264 | 6.576 | 0.022,-0.292 | 6.573 | 0.037,41.623,45.639,2017-09-18 19:29:11,7,53
0.025,-0.019 | 6.671 | 0.052,0.460 | 6.473 | 0.107,-0.470 | 6.443 | 0.115,0.275 | 6.587 | 0.023,-0.299 | 6.582 | 0.037,43.749,49.438,2017-09-18 19:29:11,7,53
0.026,-0.019 | 6.671 | 0.053,0.473 | 6.489 | 0.103,-0.494 | 6.470 | 0.108,0.281 | 6.596 | 0.024,-0.309 | 6.592 | 0.035,46.999,52.017,2017-09-18 19:29:11,7,53
0.026,-0.019 | 6.671 | 0.054,0.476 | 6.492 | 0.101,-0.504 | 6.481 | 0.105,0.284 | 6.600 | 0.025,-0.318 | 6.602 | 0.033,50.320,52.895,2017-09-18 19:29:11,7,53
0.027,-0.019 | 6.671 | 0.055,0.478 | 6.493 | 0.098,-0.511 | 6.489 | 0.101,0.284 | 6.601 | 0.025,-0.326 | 6.612 | 0.032,53.491,53.080,2017-09-18 19:29:12,7,53
0.028,-0.019 | 6.671 | 0.056,0.484 | 6.500 | 0.091,-0.515 | 6.493 | 0.099,0.286 | 6.603 | 0.024,-0.329 | 6.616 | 0.032,54.795,53.594,2017-09-18 19:29:12,7,53
0.029,-0.019 | 6.671 | 0.057,0.489 | 6.505 | 0.087,-0.516 | 6.495 | 0.099,0.288 | 6.605 | 0.023,-0.330 | 6.618 | 0.033,55.443,54.281,2017-09-18 19:29:12,8,53
0.030,-0.019 | 6.671 | 0.058,0.474 | 6.485 | 0.093,-0.507 | 6.485 | 0.108,0.286 | 6.603 | 0.023,-0.329 | 6.616 | 0.035,54.692,53.478,2017-09-18 19:29:12,8,53
0.031,-0.019 | 6.671 | 0.058,0.395 | 6.409 | 0.125,-0.443 | 6.419 | 0.126,0.251 | 6.567 | 0.034,-0.306 | 6.588 | 0.042,45.372,40.887,2017-09-18 19:29:12,8,53
0.033,-0.020 | 6.671 | 0.060,0.298 | 6.355 | 0.155,-0.343 | 6.353 | 0.145,0.195 | 6.534 | 0.047,-0.261 | 6.553 | 0.056,30.917,24.934,2017-09-18 19:29:13,8,53
0.036,-0.021 | 6.671 | 0.061,0.235 | 6.329 | 0.163,-0.291 | 6.331 | 0.159,0.173 | 6.526 | 0.054,-0.232 | 6.537 | 0.065,22.640,19.096,2017-09-18 19:29:13,8,53
0.038,-0.022 | 6.671 | 0.062,0.218 | 6.321 | 0.157,-0.268 | 6.323 | 0.161,0.162 | 6.523 | 0.054,-0.218 | 6.530 | 0.067,18.972,16.410,2017-09-18 19:29:13,8,53
0.038,-0.023 | 6.671 | 0.063,0.210 | 6.319 | 0.157,-0.251 | 6.316 | 0.160,0.157 | 6.521 | 0.054,-0.211 | 6.526 | 0.066,17.361,15.000,2017-09-18 19:29:13,8,53
0.038,-0.024 | 6.671 | 0.064,0.200 | 6.317 | 0.160,-0.234 | 6.312 | 0.166,0.154 | 6.520 | 0.054,-0.202 | 6.522 | 0.070,15.401,14.229,2017-09-18 19:29:13,8,53
0.038,-0.025 | 6.671 | 0.065,0.219 | 6.320 | 0.157,-0.261 | 6.318 | 0.169,0.156 | 6.520 | 0.055,-0.203 | 6.522 | 0.073,15.715,14.795,2017-09-18 19:29:14,8,53
0.039,-0.025 | 6.671 | 0.065,0.328 | 6.367 | 0.146,-0.350 | 6.348 | 0.156,0.192 | 6.533 | 0.054,-0.241 | 6.535 | 0.070,25.804,24.991,2017-09-18 19:29:14,8,53
0.039,-0.026 | 6.671 | 0.067,0.402 | 6.418 | 0.131,-0.435 | 6.402 | 0.144,0.236 | 6.558 | 0.046,-0.284 | 6.560 | 0.063,37.697,38.425,2017-09-18 19:29:14,8,53
0.040,-0.025 | 6.671 | 0.068,0.441 | 6.460 | 0.131,-0.480 | 6.447 | 0.138,0.261 | 6.580 | 0.046,-0.305 | 6.580 | 0.058,44.192,47.551,2017-09-18 19:29:14,8,53
0.040,-0.025 | 6.671 | 0.068,0.455 | 6.477 | 0.135,-0.501 | 6.472 | 0.129,0.272 | 6.593 | 0.049,-0.317 | 6.593 | 0.052,48.911,50.886,2017-09-18 19:29:14,8,53
0.041,-0.024 | 6.671 | 0.068,0.462 | 6.483 | 0.132,-0.508 | 6.479 | 0.120,0.277 | 6.598 | 0.050,-0.326 | 6.604 | 0.045,52.559,51.739,2017-09-18 19:29:15,8,53
0.041,-0.023 | 6.671 | 0.069,0.465 | 6.484 | 0.128,-0.508 | 6.479 | 0.114,0.279 | 6.600 | 0.049,-0.326 | 6.606 | 0.043,53.225,51.740,2017-09-18 19:29:15,8,53
0.042,-0.023 | 6.671 | 0.069,0.472 | 6.492 | 0.123,-0.513 | 6.483 | 0.104,0.281 | 6.602 | 0.048,-0.327 | 6.608 | 0.040,53.676,52.206,2017-09-18 19:29:15,8,53
0.043,-0.022 | 6.671 | 0.070,0.477 | 6.498 | 0.121,-0.515 | 6.486 | 0.100,0.283 | 6.604 | 0.048,-0.327 | 6.609 | 0.038,54.110,52.778,2017-09-18 19:29:15,8,53
0.043,-0.022 | 6.671 | 0.071,0.475 | 6.494 | 0.121,-0.502 | 6.472 | 0.112,0.283 | 6.605 | 0.048,-0.325 | 6.606 | 0.039,53.240,52.803,2017-09-18 19:29:16,8,53
0.044,-0.023 | 6.671 | 0.072,0.461 | 6.475 | 0.124,-0.474 | 6.445 | 0.131,0.279 | 6.599 | 0.048,-0.311 | 6.589 | 0.049,47.519,51.254,2017-09-18 19:29:16,8,53
0.045,-0.023 | 6.671 | 0.072,0.454 | 6.468 | 0.124,-0.439 | 6.413 | 0.144,0.274 | 6.594 | 0.047,-0.296 | 6.576 | 0.057,42.051,49.742,2017-09-18 19:29:16,8,53
0.046,-0.023 | 6.671 | 0.073,0.455 | 6.467 | 0.118,-0.454 | 6.423 | 0.136,0.272 | 6.592 | 0.045,-0.292 | 6.572 | 0.059,40.498,49.144,2017-09-18 19:29:16,8,53
0.046,-0.023 | 6.671 | 0.073,0.457 | 6.468 | 0.115,-0.468 | 6.436 | 0.131,0.272 | 6.592 | 0.044,-0.295 | 6.574 | 0.058,41.315,49.147,2017-09-18 19:29:16,8,53
0.046,-0.023 | 6.671 | 0.073,0.451 | 6.460 | 0.109,-0.495 | 6.464 | 0.119,0.270 | 6.590 | 0.040,-0.307 | 6.584 | 0.053,45.388,48.520,2017-09-18 19:29:16,9,53
0.045,-0.023 | 6.671 | 0.072,0.382 | 6.397 | 0.127,-0.448 | 6.414 | 0.125,0.245 | 6.564 | 0.041,-0.300 | 6.577 | 0.050,42.488,40.228,2017-09-18 19:29:17,9,53
0.043,-0.023 | 6.671 | 0.071,0.294 | 6.347 | 0.153,-0.339 | 6.342 | 0.134,0.206 | 6.536 | 0.049,-0.256 | 6.544 | 0.052,29.215,28.480,2017-09-18 19:29:17,9,53
0.040,-0.022 | 6.671 | 0.069,0.227 | 6.321 | 0.160,-0.275 | 6.320 | 0.151,0.172 | 6.521 | 0.054,-0.219 | 6.526 | 0.059,19.478,18.956,2017-09-18 19:29:17,9,53
0.038,-0.021 | 6.671 | 0.066,0.210 | 6.316 | 0.160,-0.242 | 6.314 | 0.161,0.163 | 6.519 | 0.054,-0.200 | 6.521 | 0.062,15.043,16.286,2017-09-18 19:29:17,9,53
0.036,-0.021 | 6.672 | 0.064,0.217 | 6.315 | 0.151,-0.242 | 6.310 | 0.151,0.163 | 6.519 | 0.052,-0.196 | 6.520 | 0.061,14.133,16.020,2017-09-18 19:29:17,9,53
0.035,-0.021 | 6.672 | 0.063,0.293 | 6.343 | 0.146,-0.324 | 6.333 | 0.129,0.185 | 6.527 | 0.052,-0.217 | 6.526 | 0.054,20.053,21.748,2017-09-18 19:29:18,9,53
0.035,-0.021 | 6.672 | 0.063,0.403 | 6.416 | 0.132,-0.444 | 6.412 | 0.118,0.236 | 6.554 | 0.046,-0.278 | 6.558 | 0.046,37.716,36.553,2017-09-18 19:29:18,9,53
0.035,-0.020 | 6.672 | 0.063,0.464 | 6.481 | 0.120,-0.500 | 6.470 | 0.102,0.273 | 6.588 | 0.041,-0.310 | 6.588 | 0.037,48.698,49.142,2017-09-18 19:29:18,9,53
0.035,-0.020 | 6.671 | 0.063,0.479 | 6.499 | 0.115,-0.508 | 6.480 | 0.098,0.285 | 6.604 | 0.039,-0.320 | 6.601 | 0.033,52.430,53.282,2017-09-18 19:29:18,9,53
0.036,-0.020 | 6.671 | 0.063,0.478 | 6.497 | 0.114,-0.504 | 6.475 | 0.098,0.287 | 6.606 | 0.038,-0.320 | 6.602 | 0.032,52.402,53.411,2017-09-18 19:29:19,9,53
0.036,-0.020 | 6.671 | 0.063,0.474 | 6.491 | 0.117,-0.498 | 6.466 | 0.097,0.286 | 6.605 | 0.038,-0.317 | 6.598 | 0.031,51.347,52.990,2017-09-18 19:29:19,9,53
0.035,-0.020 | 6.671 | 0.063,0.463 | 6.479 | 0.123,-0.477 | 6.443 | 0.102,0.283 | 6.601 | 0.038,-0.308 | 6.588 | 0.032,47.493,52.076,2017-09-18 19:29:19,9,53
0.035,-0.020 | 6.671 | 0.064,0.459 | 6.475 | 0.127,-0.469 | 6.435 | 0.104,0.281 | 6.598 | 0.040,-0.302 | 6.581 | 0.033,45.017,51.729,2017-09-18 19:29:19,9,53
0.035,-0.020 | 6.671 | 0.064,0.460 | 6.476 | 0.127,-0.466 | 6.432 | 0.105,0.281 | 6.598 | 0.041,-0.300 | 6.579 | 0.034,44.085,51.577,2017-09-18 19:29:19,9,53
0.036,-0.020 | 6.671 | 0.064,0.460 | 6.476 | 0.125,-0.464 | 6.430 | 0.107,0.280 | 6.598 | 0.041,-0.299 | 6.578 | 0.035,43.575,51.377,2017-09-18 19:29:20,9,53
0.036,-0.020 | 6.672 | 0.064,0.460 | 6.475 | 0.123,-0.465 | 6.431 | 0.107,0.279 | 6.597 | 0.040,-0.298 | 6.578 | 0.036,43.475,51.185,2017-09-18 19:29:20,9,53
0.036,-0.020 | 6.672 | 0.065,0.459 | 6.473 | 0.121,-0.465 | 6.432 | 0.108,0.279 | 6.597 | 0.040,-0.299 | 6.578 | 0.036,43.395,51.158,2017-09-18 19:29:20,9,53
0.036,-0.020 | 6.672 | 0.065,0.459 | 6.471 | 0.120,-0.466 | 6.432 | 0.108,0.279 | 6.596 | 0.040,-0.299 | 6.578 | 0.037,43.318,51.113,2017-09-18 19:29:20,9,53
0.037,-0.020 | 6.672 | 0.065,0.459 | 6.471 | 0.119,-0.467 | 6.433 | 0.109,0.279 | 6.596 | 0.040,-0.299 | 6.578 | 0.038,43.403,51.000,2017-09-18 19:29:20,9,53
0.037,-0.020 | 6.672 | 0.065,0.459 | 6.470 | 0.119,-0.467 | 6.434 | 0.109,0.278 | 6.596 | 0.040,-0.299 | 6.578 | 0.038,43.523,50.866,2017-09-18 19:29:21,9,53
0.037,-0.020 | 6.672 | 0.065,0.459 | 6.470 | 0.119,-0.467 | 6.434 | 0.110,0.278 | 6.596 | 0.040,-0.299 | 6.578 | 0.038,43.532,50.854,2017-09-18 19:29:21,9,53
0.037,-0.020 | 6.671 | 0.066,0.458 | 6.470 | 0.119,-0.468 | 6.434 | 0.110,0.278 | 6.596 | 0.040,-0.299 | 6.578 | 0.039,43.655,50.720,2017-09-18 19:29:21,10,53
0.037,-0.020 | 6.671 | 0.066,0.457 | 6.469 | 0.119,-0.468 | 6.433 | 0.110,0.278 | 6.595 | 0.039,-0.299 | 6.578 | 0.039,43.740,50.560,2017-09-18 19:29:21,10,53
0.037,-0.021 | 6.671 | 0.065,0.374 | 6.395 | 0.138,-0.391 | 6.369 | 0.114,0.250 | 6.568 | 0.043,-0.279 | 6.560 | 0.040,36.910,41.024,2017-09-18 19:29:21,10,53
0.036,-0.022 | 6.671 | 0.065,0.268 | 6.340 | 0.160,-0.305 | 6.326 | 0.126,0.195 | 6.533 | 0.052,-0.234 | 6.533 | 0.044,23.543,24.946,2017-09-18 19:29:22,10,53
0.036,-0.023 | 6.671 | 0.064,0.218 | 6.318 | 0.151,-0.257 | 6.314 | 0.139,0.168 | 6.522 | 0.051,-0.208 | 6.522 | 0.047,16.620,17.784,2017-09-18 19:29:22,10,53
0.034,-0.023 | 6.671 | 0.063,0.208 | 6.314 | 0.147,-0.236 | 6.309 | 0.142,0.161 | 6.520 | 0.048,-0.197 | 6.519 | 0.049,13.817,15.982,2017-09-18 19:29:22,10,53
0.034,-0.024 | 6.672 | 0.062,0.273 | 6.335 | 0.141,-0.301 | 6.322 | 0.125,0.176 | 6.525 | 0.046,-0.210 | 6.522 | 0.047,17.258,19.859,2017-09-18 19:29:22,10,53
0.033,-0.024 | 6.672 | 0.061,0.374 | 6.398 | 0.140,-0.416 | 6.384 | 0.115,0.221 | 6.547 | 0.046,-0.267 | 6.548 | 0.040,33.393,32.705,2017-09-18 19:29:22,10,53
0.033,-0.024 | 6.672 | 0.061,0.434 | 6.454 | 0.131,-0.471 | 6.436 | 0.113,0.255 | 6.574 | 0.043,-0.298 | 6.572 | 0.037,43.230,43.738,2017-09-18 19:29:23,10,53
0.033,-0.024 | 6.671 | 0.061,0.464 | 6.487 | 0.126,-0.495 | 6.462 | 0.108,0.276 | 6.597 | 0.043,-0.315 | 6.589 | 0.033,49.489,50.801,2017-09-18 19:29:23,10,53
0.033,-0.024 | 6.671 | 0.061,0.469 | 6.493 | 0.123,-0.501 | 6.469 | 0.106,0.281 | 6.604 | 0.042,-0.320 | 6.596 | 0.032,51.725,52.528,2017-09-18 19:29:23,10,53
0.033,-0.023 | 6.671 | 0.061,0.466 | 6.487 | 0.125,-0.499 | 6.467 | 0.107,0.282 | 6.604 | 0.042,-0.319 | 6.596 | 0.033,51.180,52.477,2017-09-18 19:29:23,10,53
0.033,-0.022 | 6.671 | 0.062,0.461 | 6.481 | 0.128,-0.495 | 6.463 | 0.107,0.281 | 6.602 | 0.042,-0.316 | 6.593 | 0.034,50.154,51.907,2017-09-18 19:29:23,10,53
0.034,-0.022 | 6.671 | 0.062,0.458 | 6.477 | 0.130,-0.487 | 6.454 | 0.109,0.280 | 6.599 | 0.043,-0.312 | 6.589 | 0.035,48.679,51.420,2017-09-18 19:29:24,10,53
0.034,-0.021 | 6.671 | 0.063,0.457 | 6.475 | 0.131,-0.483 | 6.450 | 0.110,0.279 | 6.598 | 0.044,-0.308 | 6.586 | 0.036,47.601,51.041,2017-09-18 19:29:24,10,53
0.035,-0.021 | 6.671 | 0.063,0.455 | 6.471 | 0.130,-0.482 | 6.449 | 0.110,0.278 | 6.597 | 0.044,-0.307 | 6.584 | 0.036,47.171,50.550,2017-09-18 19:29:24,10,53
0.035,-0.021 | 6.671 | 0.064,0.453 | 6.467 | 0.130,-0.481 | 6.449 | 0.110,0.278 | 6.595 | 0.044,-0.306 | 6.584 | 0.036,47.017,50.128,2017-09-18 19:29:24,10,53
0.035,-0.021 | 6.671 | 0.064,0.453 | 6.466 | 0.129,-0.481 | 6.449 | 0.109,0.277 | 6.594 | 0.044,-0.305 | 6.583 | 0.036,46.995,49.776,2017-09-18 19:29:25,10,53
0.035,-0.020 | 6.671 | 0.064,0.452 | 6.464 | 0.128,-0.480 | 6.448 | 0.108,0.277 | 6.593 | 0.043,-0.305 | 6.583 | 0.036,46.919,49.517,2017-09-18 19:29:25,10,53
0.035,-0.020 | 6.671 | 0.063,0.452 | 6.463 | 0.126,-0.479 | 6.447 | 0.108,0.277 | 6.592 | 0.042,-0.304 | 6.583 | 0.035,46.664,49.419,2017-09-18 19:29:25,10,53
0.035,-0.019 | 6.671 | 0.063,0.453 | 6.463 | 0.125,-0.479 | 6.447 | 0.107,0.277 | 6.591 | 0.041,-0.303 | 6.582 | 0.035,46.294,49.704,2017-09-18 19:29:25,10,53
0.035,-0.019 | 6.671 | 0.063,0.453 | 6.463 | 0.125,-0.479 | 6.447 | 0.107,0.277 | 6.591 | 0.041,-0.303 | 6.582 | 0.034,46.230,49.799,2017-09-18 19:29:25,10,53
0.034,-0.019 | 6.671 | 0.063,0.455 | 6.464 | 0.124,-0.478 | 6.446 | 0.106,0.278 | 6.591 | 0.042,-0.303 | 6.582 | 0.034,46.071,50.081,2017-09-18 19:29:25,11,53
0.034,-0.019 | 6.671 | 0.063,0.441 | 6.447 | 0.124,-0.468 | 6.434 | 0.104,0.275 | 6.587 | 0.041,-0.301 | 6.581 | 0.033,45.481,49.001,2017-09-18 19:29:26,11,53
0.034,-0.019 | 6.671 | 0.063,0.348 | 6.368 | 0.132,-0.388 | 6.366 | 0.104,0.225 | 6.544 | 0.041,-0.275 | 6.558 | 0.035,36.441,32.619,2017-09-18 19:29:26,11,53
0.035,-0.019 | 6.671 | 0.063,0.262 | 6.332 | 0.157,-0.308 | 6.326 | 0.115,0.191 | 6.527 | 0.051,-0.234 | 6.533 | 0.037,24.363,23.193,2017-09-18 19:29:26,11,53
0.034,-0.019 | 6.671 | 0.063,0.221 | 6.315 | 0.150,-0.250 | 6.310 | 0.127,0.172 | 6.520 | 0.051,-0.201 | 6.521 | 0.039,15.737,17.963,2017-09-18 19:29:26,11,53
0.033,-0.019 | 6.671 | 0.061,0.202 | 6.313 | 0.153,-0.214 | 6.306 | 0.142,0.164 | 6.518 | 0.048,-0.186 | 6.517 | 0.048,11.698,16.131,2017-09-18 19:29:26,11,53
0.032,-0.020 | 6.671 | 0.060,0.251 | 6.327 | 0.151,-0.282 | 6.321 | 0.140,0.172 | 6.521 | 0.048,-0.199 | 6.521 | 0.052,15.173,18.311,2017-09-18 19:29:27,11,53
0.032,-0.020 | 6.671 | 0.059,0.384 | 6.401 | 0.137,-0.413 | 6.387 | 0.120,0.226 | 6.546 | 0.047,-0.265 | 6.550 | 0.044,33.633,33.440,2017-09-18 19:29:27,11,53
0.032,-0.020 | 6.671 | 0.059,0.446 | 6.457 | 0.123,-0.469 | 6.440 | 0.117,0.264 | 6.577 | 0.040,-0.297 | 6.576 | 0.038,43.756,46.141,2017-09-18 19:29:27,11,53
0.032,-0.020 | 6.671 | 0.060,0.475 | 6.494 | 0.121,-0.491 | 6.466 | 0.115,0.283 | 6.599 | 0.039,-0.308 | 6.588 | 0.037,47.691,52.705,2017-09-18 19:29:27,11,53
0.032,-0.019 | 6.671 | 0.060,0.481 | 6.503 | 0.120,-0.495 | 6.473 | 0.114,0.289 | 6.606 | 0.039,-0.310 | 6.593 | 0.037,49.470,54.029,2017-09-18 19:29:28,11,53
0.033,-0.018 | 6.671 | 0.061,0.481 | 6.500 | 0.119,-0.495 | 6.472 | 0.113,0.290 | 6.607 | 0.039,-0.310 | 6.594 | 0.038,49.951,53.551,2017-09-18 19:29:28,11,53
0.034,-0.017 | 6.672 | 0.062,0.481 | 6.498 | 0.119,-0.496 | 6.474 | 0.110,0.290 | 6.606 | 0.038,-0.312 | 6.597 | 0.038,50.480,53.957,2017-09-18 19:29:28,11,53
0.034,-0.016 | 6.672 | 0.063,0.482 | 6.498 | 0.120,-0.498 | 6.476 | 0.109,0.292 | 6.606 | 0.039,-0.316 | 6.603 | 0.038,51.580,54.835,2017-09-18 19:29:28,11,53
0.035,-0.015 | 6.672 | 0.064,0.481 | 6.495 | 0.122,-0.498 | 6.477 | 0.109,0.293 | 6.607 | 0.041,-0.317 | 6.606 | 0.038,51.991,55.493,2017-09-18 19:29:28,11,53
0.036,-0.015 | 6.672 | 0.065,0.479 | 6.491 | 0.124,-0.498 | 6.478 | 0.110,0.293 | 6.607 | 0.043,-0.317 | 6.607 | 0.038,52.150,55.376,2017-09-18 19:29:29,11,53
0.038,-0.014 | 6.672 | 0.066,0.477 | 6.487 | 0.124,-0.497 | 6.478 | 0.111,0.293 | 6.606 | 0.044,-0.316 | 6.607 | 0.039,52.343,54.053,2017-09-18 19:29:29,11,53
0.039,-0.014 | 6.672 | 0.067,0.475 | 6.484 | 0.123,-0.497 | 6.479 | 0.112,0.291 | 6.603 | 0.043,-0.315 | 6.606 | 0.041,52.008,52.760,2017-09-18 19:29:29,11,53
0.040,-0.014 | 6.672 | 0.067,0.474 | 6.484 | 0.122,-0.497 | 6.479 | 0.112,0.290 | 6.602 | 0.043,-0.314 | 6.605 | 0.042,51.709,52.119,2017-09-18 19:29:29,11,53
0.040,-0.014 | 6.672 | 0.068,0.474 | 6.483 | 0.122,-0.497 | 6.479 | 0.113,0.289 | 6.602 | 0.043,-0.314 | 6.604 | 0.043,51.582,51.825,2017-09-18 19:29:29,11,53
0.041,-0.014 | 6.672 | 0.069,0.473 | 6.483 | 0.123,-0.497 | 6.478 | 0.113,0.288 | 6.601 | 0.044,-0.313 | 6.604 | 0.043,51.372,51.665,2017-09-18 19:29:30,11,53
0.041,-0.014 | 6.672 | 0.069,0.473 | 6.483 | 0.123,-0.497 | 6.478 | 0.113,0.288 | 6.601 | 0.044,-0.313 | 6.603 | 0.043,51.273,51.614,2017-09-18 19:29:30,11,53
0.041,-0.015 | 6.672 | 0.070,0.472 | 6.482 | 0.122,-0.497 | 6.477 | 0.114,0.287 | 6.600 | 0.044,-0.314 | 6.603 | 0.043,50.875,51.751,2017-09-18 19:29:30,12,53
0.041,-0.016 | 6.672 | 0.070,0.416 | 6.424 | 0.138,-0.459 | 6.432 | 0.116,0.266 | 6.577 | 0.046,-0.304 | 6.589 | 0.043,46.020,45.353,2017-09-18 19:29:30,12,53
0.040,-0.017 | 6.672 | 0.070,0.279 | 6.346 | 0.167,-0.334 | 6.343 | 0.125,0.204 | 6.533 | 0.051,-0.253 | 6.547 | 0.045,29.364,26.752,2017-09-18 19:29:30,12,53
0.040,-0.018 | 6.672 | 0.069,0.202 | 6.323 | 0.175,-0.260 | 6.316 | 0.135,0.173 | 6.521 | 0.056,-0.208 | 6.526 | 0.048,17.300,18.355,2017-09-18 19:29:31,12,53
0.039,-0.018 | 6.672 | 0.068,0.174 | 6.319 | 0.177,-0.233 | 6.309 | 0.140,0.162 | 6.519 | 0.058,-0.189 | 6.519 | 0.049,12.895,14.739,2017-09-18 19:29:31,12,53
0.038,-0.018 | 6.672 | 0.067,0.310 | 6.359 | 0.165,-0.344 | 6.344 | 0.122,0.191 | 6.530 | 0.060,-0.225 | 6.530 | 0.046,22.891,22.256,2017-09-18 19:29:31,12,53
0.038,-0.019 | 6.672 | 0.066,0.418 | 6.433 | 0.140,-0.450 | 6.417 | 0.109,0.243 | 6.558 | 0.051,-0.282 | 6.563 | 0.038,39.423,37.771,2017-09-18 19:29:31,12,53
0.037,-0.019 | 6.672 | 0.066,0.470 | 6.490 | 0.133,-0.495 | 6.469 | 0.104,0.280 | 6.594 | 0.049,-0.307 | 6.588 | 0.032,47.603,51.330,2017-09-18 19:29:31,12,53
0.036,-0.019 | 6.671 | 0.065,0.488 | 6.514 | 0.129,-0.509 | 6.487 | 0.103,0.291 | 6.609 | 0.047,-0.321 | 6.604 | 0.032,52.613,55.880,2017-09-18 19:29:32,12,53
0.035,-0.019 | 6.671 | 0.064,0.484 | 6.510 | 0.131,-0.506 | 6.483 | 0.104,0.292 | 6.611 | 0.046,-0.322 | 6.607 | 0.032,53.488,55.986,2017-09-18 19:29:32,12,53
0.035,-0.018 | 6.671 | 0.064,0.477 | 6.498 | 0.133,-0.500 | 6.476 | 0.105,0.291 | 6.610 | 0.046,-0.317 | 6.601 | 0.034,51.590,55.152,2017-09-18 19:29:32,12,53
0.035,-0.018 | 6.671 | 0.064,0.475 | 6.495 | 0.134,-0.498 | 6.473 | 0.106,0.290 | 6.608 | 0.048,-0.314 | 6.597 | 0.034,50.458,54.565,2017-09-18 19:29:32,12,53
0.036,-0.018 | 6.671 | 0.064,0.475 | 6.494 | 0.134,-0.490 | 6.464 | 0.107,0.290 | 6.607 | 0.049,-0.311 | 6.594 | 0.034,49.521,54.234,2017-09-18 19:29:32,12,53
0.036,-0.017 | 6.671 | 0.065,0.473 | 6.490 | 0.136,-0.467 | 6.439 | 0.112,0.289 | 6.605 | 0.050,-0.302 | 6.585 | 0.036,46.148,54.039,2017-09-18 19:29:33,12,53
0.037,-0.018 | 6.671 | 0.066,0.471 | 6.488 | 0.138,-0.462 | 6.434 | 0.114,0.288 | 6.604 | 0.052,-0.297 | 6.580 | 0.038,44.117,54.206,2017-09-18 19:29:33,12,53
0.037,-0.018 | 6.671 | 0.066,0.471 | 6.488 | 0.140,-0.459 | 6.430 | 0.115,0.288 | 6.605 | 0.054,-0.296 | 6.578 | 0.038,43.525,54.296,2017-09-18 19:29:33,12,53
0.038,-0.018 | 6.671 | 0.067,0.472 | 6.489 | 0.141,-0.455 | 6.427 | 0.116,0.288 | 6.605 | 0.055,-0.295 | 6.577 | 0.039,43.139,54.298,2017-09-18 19:29:33,12,53
0.038,-0.018 | 6.671 | 0.067,0.473 | 6.493 | 0.142,-0.455 | 6.426 | 0.116,0.289 | 6.606 | 0.056,-0.294 | 6.576 | 0.039,42.957,54.442,2017-09-18 19:29:33,12,53
0.039,-0.019 | 6.671 | 0.067,0.474 | 6.494 | 0.143,-0.455 | 6.426 | 0.115,0.289 | 6.607 | 0.057,-0.294 | 6.576 | 0.039,43.046,54.434,2017-09-18 19:29:34,12,53
0.039,-0.019 | 6.671 | 0.067,0.474 | 6.493 | 0.141,-0.458 | 6.428 | 0.114,0.289 | 6.607 | 0.056,-0.294 | 6.576 | 0.039,43.125,54.439,2017-09-18 19:29:34,12,53
0.038,-0.019 | 6.671 | 0.067,0.473 | 6.493 | 0.142,-0.461 | 6.431 | 0.112,0.288 | 6.606 | 0.056,-0.296 | 6.577 | 0.038,43.256,54.731,2017-09-18 19:29:34,12,53
0.038,-0.019 | 6.671 | 0.067,0.473 | 6.493 | 0.142,-0.462 | 6.432 | 0.112,0.288 | 6.606 | 0.056,-0.296 | 6.577 | 0.038,43.325,54.759,2017-09-18 19:29:34,12,53
0.038,-0.019 | 6.671 | 0.067,0.470 | 6.489 | 0.141,-0.465 | 6.434 | 0.112,0.287 | 6.605 | 0.056,-0.297 | 6.578 | 0.038,43.351,54.585,2017-09-18 19:29:34,13,53
0.038,-0.019 | 6.671 | 0.067,0.370 | 6.391 | 0.153,-0.400 | 6.383 | 0.128,0.251 | 6.566 | 0.055,-0.282 | 6.565 | 0.043,38.235,41.001,2017-09-18 19:29:35,13,53
0.038,-0.019 | 6.671 | 0.067,0.241 | 6.332 | 0.173,-0.297 | 6.330 | 0.141,0.188 | 6.528 | 0.057,-0.231 | 6.534 | 0.052,23.277,22.482,2017-09-18 19:29:35,13,53
0.039,-0.019 | 6.671 | 0.067,0.181 | 6.315 | 0.166,-0.221 | 6.310 | 0.151,0.161 | 6.518 | 0.054,-0.191 | 6.520 | 0.056,13.374,14.840,2017-09-18 19:29:35,13,53
0.039,-0.018 | 6.672 | 0.067,0.189 | 6.312 | 0.160,-0.228 | 6.306 | 0.145,0.154 | 6.516 | 0.051,-0.183 | 6.518 | 0.059,11.694,12.751,2017-09-18 19:29:35,13,53
0.038,-0.017 | 6.672 | 0.066,0.359 | 6.386 | 0.155,-0.384 | 6.368 | 0.122,0.213 | 6.537 | 0.054,-0.249 | 6.542 | 0.047,29.629,28.970,2017-09-18 19:29:35,13,53
0.036,-0.016 | 6.671 | 0.064,0.459 | 6.473 | 0.132,-0.479 | 6.454 | 0.106,0.271 | 6.580 | 0.045,-0.300 | 6.583 | 0.031,45.478,47.714,2017-09-18 19:29:36,13,53
0.034,-0.016 | 6.671 | 0.063,0.492 | 6.515 | 0.122,-0.502 | 6.485 | 0.100,0.294 | 6.607 | 0.041,-0.315 | 6.602 | 0.023,50.875,56.439,2017-09-18 19:29:36,13,53
0.032,-0.016 | 6.671 | 0.061,0.492 | 6.516 | 0.121,-0.501 | 6.483 | 0.102,0.297 | 6.612 | 0.038,-0.317 | 6.604 | 0.025,51.734,56.761,2017-09-18 19:29:36,13,53
0.031,-0.016 | 6.671 | 0.060,0.488 | 6.511 | 0.121,-0.498 | 6.478 | 0.103,0.295 | 6.610 | 0.037,-0.315 | 6.602 | 0.027,51.244,55.874,2017-09-18 19:29:36,13,53
0.031,-0.016 | 6.671 | 0.059,0.487 | 6.509 | 0.122,-0.495 | 6.474 | 0.104,0.294 | 6.610 | 0.037,-0.313 | 6.599 | 0.028,50.505,55.528,2017-09-18 19:29:37,13,53
0.031,-0.016 | 6.671 | 0.059,0.486 | 6.509 | 0.123,-0.494 | 6.473 | 0.105,0.294 | 6.610 | 0.038,-0.313 | 6.598 | 0.029,50.266,55.505,2017-09-18 19:29:37,13,53
0.031,-0.016 | 6.671 | 0.059,0.485 | 6.506 | 0.125,-0.481 | 6.459 | 0.111,0.294 | 6.609 | 0.039,-0.309 | 6.594 | 0.030,48.994,55.510,2017-09-18 19:29:37,13,53
0.031,-0.015 | 6.671 | 0.059,0.483 | 6.501 | 0.126,-0.466 | 6.444 | 0.116,0.294 | 6.608 | 0.041,-0.302 | 6.587 | 0.033,46.384,55.360,2017-09-18 19:29:37,13,53
0.031,-0.015 | 6.671 | 0.059,0.482 | 6.499 | 0.126,-0.465 | 6.443 | 0.116,0.294 | 6.607 | 0.041,-0.299 | 6.585 | 0.034,45.466,55.618,2017-09-18 19:29:37,13,53
0.031,-0.014 | 6.671 | 0.060,0.482 | 6.497 | 0.127,-0.464 | 6.442 | 0.116,0.294 | 6.606 | 0.042,-0.299 | 6.585 | 0.034,45.197,55.819,2017-09-18 19:29:38,13,53
0.032,-0.014 | 6.671 | 0.060,0.480 | 6.494 | 0.127,-0.462 | 6.441 | 0.117,0.293 | 6.604 | 0.042,-0.299 | 6.585 | 0.035,45.038,55.652,2017-09-18 19:29:38,13,53
0.032,-0.014 | 6.671 | 0.060,0.477 | 6.489 | 0.128,-0.457 | 6.436 | 0.119,0.292 | 6.602 | 0.042,-0.297 | 6.583 | 0.036,44.426,55.172,2017-09-18 19:29:38,13,53
0.032,-0.015 | 6.671 | 0.061,0.475 | 6.486 | 0.128,-0.456 | 6.434 | 0.120,0.290 | 6.600 | 0.042,-0.296 | 6.582 | 0.037,43.913,54.780,2017-09-18 19:29:38,13,53
0.033,-0.015 | 6.671 | 0.061,0.473 | 6.486 | 0.129,-0.457 | 6.435 | 0.121,0.289 | 6.599 | 0.043,-0.296 | 6.582 | 0.038,43.867,54.447,2017-09-18 19:29:38,13,53
0.034,-0.015 | 6.671 | 0.062,0.472 | 6.485 | 0.130,-0.459 | 6.437 | 0.122,0.288 | 6.598 | 0.043,-0.297 | 6.583 | 0.039,44.066,54.161,2017-09-18 19:29:39,13,53
0.034,-0.015 | 6.671 | 0.062,0.472 | 6.485 | 0.130,-0.460 | 6.438 | 0.122,0.287 | 6.597 | 0.043,-0.298 | 6.583 | 0.039,44.179,54.088,2017-09-18 19:29:39,13,53
0.035,-0.016 | 6.671 | 0.063,0.470 | 6.482 | 0.131,-0.461 | 6.438 | 0.123,0.287 | 6.597 | 0.043,-0.298 | 6.583 | 0.039,44.398,53.883,2017-09-18 19:29:39,14,53
0.035,-0.016 | 6.671 | 0.063,0.355 | 6.376 | 0.145,-0.370 | 6.365 | 0.125,0.242 | 6.553 | 0.044,-0.270 | 6.559 | 0.043,34.961,37.806,2017-09-18 19:29:39,14,53
0.036,-0.016 | 6.671 | 0.064,0.234 | 6.327 | 0.163,-0.271 | 6.319 | 0.128,0.188 | 6.524 | 0.049,-0.219 | 6.530 | 0.043,20.318,22.177,2017-09-18 19:29:39,14,53
0.036,-0.016 | 6.671 | 0.063,0.195 | 6.313 | 0.153,-0.219 | 6.305 | 0.128,0.165 | 6.518 | 0.045,-0.190 | 6.519 | 0.040,12.964,15.652,2017-09-18 19:29:40,14,53
