Session: 455,Game:,Wingman,User:,Survivor2
Game No.:,1
Day:,16,Month:,Mar,Year:,2017
Track:,Beach,Speed:,fast,Time:,30 (sec),
Target Angle:,51,Angle Incr:,1

BASIC DATA
Ring Num,Score,Arm Angle,Assisted
0,0,0.000,False
1,0,27.218,False
2,5,56.276,False
3,2,59.905,False
4,0,19.338,False
5,6,55.232,False
6,0,39.075,False
7,1,41.871,False
8,4,57.686,False
9,5,56.019,False
10,0,22.305,False
11,0,24.748,False
12,0,24.127,False
13,0,23.973,False
14,0,22.987,False

RAW DATA
BodyDepth, CentralPont (X | Y | Z),RightHand (X | Y | Z),LeftHand (X | Y | Z),RightElbow (X | Y | Z),LeftElbow (X | Y | Z),LeftAngle,RightAngle,Time,RingNumber,AchievementID
0.083,-0.006 | 6.662 | 0.089,0.223 | 6.611 | 0.508,-0.187 | 6.509 | 0.474,0.190 | 6.641 | 0.280,-0.192 | 6.619 | 0.268,0.000,0.000,2017-03-16 13:11:18,0,335
0.087,-0.006 | 6.661 | 0.091,0.261 | 6.514 | 0.444,-0.173 | 6.407 | 0.375,0.198 | 6.600 | 0.236,-0.205 | 6.581 | 0.223,0.000,0.000,2017-03-16 13:11:18,1,335
0.086,-0.005 | 6.661 | 0.091,0.262 | 6.515 | 0.443,-0.218 | 6.340 | 0.223,0.199 | 6.598 | 0.235,-0.217 | 6.571 | 0.195,0.000,0.000,2017-03-16 13:11:18,1,335
0.083,-0.007 | 6.661 | 0.089,0.258 | 6.505 | 0.444,-0.332 | 6.382 | 0.212,0.198 | 6.595 | 0.237,-0.248 | 6.573 | 0.106,0.000,0.000,2017-03-16 13:11:18,1,335
0.060,0.000 | 6.664 | 0.073,0.317 | 6.373 | 0.263,-0.284 | 6.495 | 0.220,0.246 | 6.574 | 0.168,-0.271 | 6.621 | 0.025,0.000,0.000,2017-03-16 13:11:19,1,335
0.024,0.017 | 6.667 | 0.043,0.310 | 6.542 | 0.299,-0.279 | 6.470 | 0.100,0.258 | 6.555 | 0.072,-0.265 | 6.655 | -0.042,45.272,31.410,2017-03-16 13:11:19,1,335
-0.006,0.045 | 6.665 | 0.016,0.212 | 6.675 | 0.232,-0.230 | 6.462 | -0.003,0.247 | 6.521 | 0.061,-0.165 | 6.637 | -0.142,25.609,23.368,2017-03-16 13:11:19,1,335
-0.011,0.052 | 6.664 | 0.011,0.134 | 6.716 | 0.146,-0.244 | 6.446 | -0.026,0.233 | 6.514 | 0.082,-0.153 | 6.626 | -0.143,23.231,18.985,2017-03-16 13:11:19,1,335
-0.008,0.060 | 6.664 | 0.015,0.111 | 6.705 | 0.125,-0.281 | 6.461 | -0.012,0.234 | 6.512 | 0.078,-0.181 | 6.643 | -0.117,32.404,18.495,2017-03-16 13:11:19,1,335
0.005,0.076 | 6.661 | 0.025,0.131 | 6.702 | 0.150,-0.289 | 6.471 | -0.014,0.237 | 6.503 | 0.090,-0.175 | 6.656 | -0.099,34.131,18.227,2017-03-16 13:11:20,1,335
0.013,0.088 | 6.661 | 0.032,0.144 | 6.707 | 0.162,-0.282 | 6.473 | -0.015,0.236 | 6.500 | 0.104,-0.162 | 6.657 | -0.092,32.348,16.698,2017-03-16 13:11:20,1,335
0.011,0.087 | 6.662 | 0.031,0.137 | 6.711 | 0.161,-0.288 | 6.473 | -0.021,0.232 | 6.506 | 0.105,-0.164 | 6.656 | -0.095,32.285,15.509,2017-03-16 13:11:20,1,335
0.009,0.083 | 6.664 | 0.029,0.129 | 6.714 | 0.160,-0.297 | 6.475 | -0.025,0.227 | 6.511 | 0.102,-0.171 | 6.657 | -0.099,32.908,15.058,2017-03-16 13:11:20,1,335
0.009,0.082 | 6.665 | 0.029,0.128 | 6.715 | 0.158,-0.298 | 6.476 | -0.025,0.230 | 6.513 | 0.102,-0.172 | 6.657 | -0.100,32.964,16.182,2017-03-16 13:11:21,1,335
0.023,0.067 | 6.651 | 0.043,0.133 | 6.685 | 0.185,-0.258 | 6.427 | -0.030,0.214 | 6.482 | 0.103,-0.142 | 6.614 | -0.106,22.093,17.015,2017-03-16 13:11:21,1,335
0.013,0.055 | 6.646 | 0.035,0.127 | 6.673 | 0.182,-0.277 | 6.417 | -0.004,0.214 | 6.472 | 0.102,-0.163 | 6.598 | -0.097,27.016,19.678,2017-03-16 13:11:21,1,335
0.008,0.054 | 6.648 | 0.030,0.131 | 6.675 | 0.174,-0.284 | 6.423 | -0.013,0.219 | 6.474 | 0.093,-0.172 | 6.608 | -0.101,30.236,20.486,2017-03-16 13:11:21,1,335
0.008,0.054 | 6.648 | 0.031,0.134 | 6.677 | 0.173,-0.283 | 6.424 | -0.014,0.220 | 6.475 | 0.092,-0.172 | 6.610 | -0.101,29.949,20.634,2017-03-16 13:11:21,1,335
0.008,0.054 | 6.648 | 0.032,0.134 | 6.678 | 0.173,-0.281 | 6.424 | -0.013,0.219 | 6.476 | 0.095,-0.171 | 6.610 | -0.100,29.396,20.465,2017-03-16 13:11:22,1,335
0.009,0.054 | 6.648 | 0.032,0.133 | 6.679 | 0.176,-0.281 | 6.423 | -0.013,0.218 | 6.477 | 0.098,-0.171 | 6.610 | -0.099,29.170,20.235,2017-03-16 13:11:22,1,335
0.009,0.054 | 6.648 | 0.033,0.132 | 6.680 | 0.178,-0.281 | 6.423 | -0.013,0.217 | 6.477 | 0.100,-0.171 | 6.610 | -0.098,29.143,20.009,2017-03-16 13:11:22,1,335
0.010,0.053 | 6.648 | 0.033,0.132 | 6.681 | 0.180,-0.281 | 6.423 | -0.013,0.216 | 6.478 | 0.102,-0.171 | 6.610 | -0.098,29.200,19.818,2017-03-16 13:11:22,1,335
0.010,0.053 | 6.648 | 0.034,0.131 | 6.681 | 0.182,-0.282 | 6.423 | -0.013,0.216 | 6.478 | 0.104,-0.171 | 6.610 | -0.098,29.308,19.667,2017-03-16 13:11:23,1,335
0.010,0.053 | 6.648 | 0.034,0.131 | 6.682 | 0.184,-0.282 | 6.423 | -0.013,0.215 | 6.479 | 0.106,-0.171 | 6.611 | -0.097,29.402,19.592,2017-03-16 13:11:23,1,335
0.011,0.053 | 6.648 | 0.034,0.131 | 6.682 | 0.185,-0.282 | 6.423 | -0.014,0.215 | 6.479 | 0.107,-0.172 | 6.611 | -0.097,29.459,19.556,2017-03-16 13:11:23,1,335
0.011,0.053 | 6.648 | 0.035,0.131 | 6.682 | 0.185,-0.282 | 6.423 | -0.014,0.215 | 6.479 | 0.108,-0.172 | 6.611 | -0.097,29.505,19.528,2017-03-16 13:11:23,1,335
0.011,0.053 | 6.648 | 0.035,0.131 | 6.682 | 0.186,-0.282 | 6.423 | -0.014,0.215 | 6.479 | 0.108,-0.172 | 6.611 | -0.097,29.545,19.504,2017-03-16 13:11:23,1,335
0.011,0.053 | 6.648 | 0.035,0.131 | 6.683 | 0.186,-0.282 | 6.423 | -0.014,0.215 | 6.479 | 0.109,-0.172 | 6.611 | -0.097,29.575,19.488,2017-03-16 13:11:24,1,335
0.011,0.053 | 6.648 | 0.035,0.131 | 6.683 | 0.186,-0.282 | 6.423 | -0.014,0.215 | 6.479 | 0.109,-0.172 | 6.611 | -0.097,29.599,19.478,2017-03-16 13:11:24,1,335
0.011,0.053 | 6.648 | 0.035,0.131 | 6.683 | 0.187,-0.282 | 6.424 | -0.014,0.215 | 6.479 | 0.109,-0.172 | 6.612 | -0.097,29.616,19.474,2017-03-16 13:11:24,1,335
0.011,0.053 | 6.648 | 0.035,0.131 | 6.683 | 0.187,-0.282 | 6.424 | -0.014,0.214 | 6.479 | 0.109,-0.172 | 6.612 | -0.097,29.629,19.473,2017-03-16 13:11:24,1,335
0.011,0.053 | 6.648 | 0.035,0.131 | 6.683 | 0.187,-0.282 | 6.424 | -0.014,0.214 | 6.480 | 0.110,-0.172 | 6.612 | -0.097,29.642,19.476,2017-03-16 13:11:24,1,335
0.011,0.053 | 6.648 | 0.035,0.131 | 6.683 | 0.187,-0.282 | 6.424 | -0.014,0.214 | 6.480 | 0.110,-0.172 | 6.612 | -0.097,29.655,19.480,2017-03-16 13:11:25,1,335
0.011,0.053 | 6.648 | 0.035,0.131 | 6.683 | 0.187,-0.282 | 6.424 | -0.014,0.214 | 6.480 | 0.110,-0.172 | 6.612 | -0.097,29.668,19.481,2017-03-16 13:11:25,1,335
0.011,0.053 | 6.648 | 0.035,0.131 | 6.683 | 0.187,-0.282 | 6.424 | -0.014,0.214 | 6.480 | 0.110,-0.172 | 6.612 | -0.097,29.678,19.483,2017-03-16 13:11:25,1,335
0.011,0.053 | 6.648 | 0.035,0.131 | 6.683 | 0.187,-0.282 | 6.424 | -0.014,0.215 | 6.480 | 0.110,-0.172 | 6.612 | -0.097,29.694,19.480,2017-03-16 13:11:25,1,335
0.011,0.053 | 6.648 | 0.035,0.131 | 6.683 | 0.187,-0.282 | 6.424 | -0.014,0.215 | 6.480 | 0.110,-0.172 | 6.612 | -0.097,29.702,19.488,2017-03-16 13:11:26,1,335
0.012,0.053 | 6.648 | 0.035,0.131 | 6.683 | 0.187,-0.282 | 6.424 | -0.014,0.215 | 6.480 | 0.110,-0.172 | 6.612 | -0.097,29.706,19.504,2017-03-16 13:11:26,1,335
0.012,0.053 | 6.648 | 0.036,0.131 | 6.683 | 0.187,-0.282 | 6.424 | -0.014,0.215 | 6.480 | 0.110,-0.172 | 6.612 | -0.097,29.711,19.519,2017-03-16 13:11:26,1,335
0.012,0.052 | 6.648 | 0.035,0.132 | 6.685 | 0.186,-0.310 | 6.454 | 0.010,0.215 | 6.481 | 0.108,-0.228 | 6.663 | -0.051,48.763,19.583,2017-03-16 13:11:26,1,335
0.006,0.038 | 6.656 | 0.024,0.119 | 6.706 | 0.179,-0.333 | 6.500 | 0.025,0.199 | 6.503 | 0.096,-0.287 | 6.728 | 0.014,66.190,17.246,2017-03-16 13:11:26,1,335
0.022,0.045 | 6.647 | 0.039,0.116 | 6.687 | 0.189,-0.305 | 6.473 | 0.031,0.197 | 6.483 | 0.109,-0.273 | 6.704 | 0.021,60.932,17.565,2017-03-16 13:11:27,1,335
0.023,0.048 | 6.646 | 0.040,0.120 | 6.676 | 0.188,-0.280 | 6.432 | 0.007,0.211 | 6.478 | 0.105,-0.248 | 6.661 | -0.023,49.093,20.607,2017-03-16 13:11:27,1,335
0.020,0.047 | 6.646 | 0.037,0.120 | 6.670 | 0.182,-0.258 | 6.400 | -0.015,0.217 | 6.476 | 0.096,-0.183 | 6.609 | -0.084,27.218,22.296,2017-03-16 13:11:27,1,335
0.015,0.043 | 6.646 | 0.033,0.124 | 6.671 | 0.178,-0.266 | 6.401 | -0.018,0.217 | 6.475 | 0.090,-0.159 | 6.593 | -0.097,18.838,23.208,2017-03-16 13:11:27,2,335
0.012,0.041 | 6.646 | 0.031,0.126 | 6.672 | 0.174,-0.278 | 6.403 | -0.019,0.217 | 6.476 | 0.088,-0.163 | 6.591 | -0.095,19.724,23.257,2017-03-16 13:11:27,2,335
0.011,0.041 | 6.646 | 0.030,0.126 | 6.672 | 0.173,-0.282 | 6.403 | -0.021,0.217 | 6.475 | 0.088,-0.167 | 6.593 | -0.093,20.818,23.260,2017-03-16 13:11:28,2,335
0.010,0.041 | 6.645 | 0.029,0.126 | 6.672 | 0.173,-0.289 | 6.410 | -0.024,0.217 | 6.475 | 0.088,-0.189 | 6.610 | -0.091,28.531,23.282,2017-03-16 13:11:28,2,335
0.011,0.042 | 6.645 | 0.029,0.119 | 6.671 | 0.169,-0.283 | 6.432 | -0.019,0.218 | 6.476 | 0.088,-0.246 | 6.661 | -0.039,49.017,23.008,2017-03-16 13:11:28,2,335
-0.004,0.038 | 6.657 | 0.009,0.117 | 6.701 | 0.155,-0.311 | 6.482 | -0.009,0.227 | 6.509 | 0.080,-0.282 | 6.713 | 0.007,60.151,23.739,2017-03-16 13:11:28,2,335
-0.005,0.037 | 6.659 | 0.004,0.117 | 6.709 | 0.151,-0.301 | 6.487 | -0.033,0.213 | 6.514 | 0.066,-0.284 | 6.719 | -0.008,58.278,21.140,2017-03-16 13:11:28,2,335
0.003,0.040 | 6.657 | 0.010,0.115 | 6.704 | 0.156,-0.295 | 6.476 | -0.033,0.213 | 6.509 | 0.075,-0.276 | 6.708 | -0.014,55.845,20.641,2017-03-16 13:11:29,2,335
0.023,0.048 | 6.645 | 0.034,0.120 | 6.674 | 0.172,-0.264 | 6.439 | -0.045,0.213 | 6.479 | 0.084,-0.250 | 6.671 | -0.028,50.693,19.575,2017-03-16 13:11:29,2,335
0.030,0.042 | 6.643 | 0.040,0.129 | 6.680 | 0.188,-0.294 | 6.450 | -0.019,0.219 | 6.484 | 0.098,-0.268 | 6.681 | -0.005,56.276,21.097,2017-03-16 13:11:29,2,335
0.027,0.037 | 6.647 | 0.035,0.140 | 6.692 | 0.187,-0.313 | 6.478 | -0.016,0.222 | 6.499 | 0.086,-0.285 | 6.709 | 0.001,61.068,22.400,2017-03-16 13:11:29,3,335
0.025,0.037 | 6.648 | 0.031,0.142 | 6.693 | 0.175,-0.303 | 6.480 | -0.025,0.222 | 6.500 | 0.072,-0.280 | 6.712 | -0.007,59.657,22.388,2017-03-16 13:11:30,3,335
0.025,0.037 | 6.648 | 0.030,0.141 | 6.692 | 0.169,-0.300 | 6.479 | -0.028,0.223 | 6.500 | 0.067,-0.277 | 6.710 | -0.012,59.155,22.385,2017-03-16 13:11:30,3,335
0.026,0.037 | 6.648 | 0.031,0.139 | 6.691 | 0.168,-0.300 | 6.479 | -0.029,0.223 | 6.499 | 0.067,-0.277 | 6.710 | -0.013,59.385,22.341,2017-03-16 13:11:30,3,335
0.027,0.036 | 6.647 | 0.031,0.137 | 6.690 | 0.169,-0.301 | 6.479 | -0.029,0.222 | 6.499 | 0.067,-0.278 | 6.710 | -0.012,59.599,22.374,2017-03-16 13:11:30,3,335
0.027,0.035 | 6.647 | 0.032,0.136 | 6.690 | 0.169,-0.302 | 6.479 | -0.029,0.222 | 6.498 | 0.067,-0.279 | 6.710 | -0.012,59.746,22.382,2017-03-16 13:11:30,3,335
0.027,0.035 | 6.647 | 0.032,0.136 | 6.690 | 0.169,-0.302 | 6.479 | -0.029,0.222 | 6.498 | 0.068,-0.279 | 6.710 | -0.011,59.790,22.377,2017-03-16 13:11:31,3,335
0.028,0.035 | 6.647 | 0.032,0.136 | 6.690 | 0.169,-0.302 | 6.479 | -0.029,0.222 | 6.498 | 0.068,-0.279 | 6.710 | -0.011,59.800,22.365,2017-03-16 13:11:31,3,335
0.028,0.034 | 6.647 | 0.032,0.136 | 6.690 | 0.170,-0.302 | 6.479 | -0.029,0.221 | 6.498 | 0.069,-0.279 | 6.710 | -0.011,59.851,22.326,2017-03-16 13:11:31,3,335
0.028,0.034 | 6.647 | 0.033,0.136 | 6.690 | 0.170,-0.302 | 6.479 | -0.029,0.221 | 6.498 | 0.069,-0.279 | 6.710 | -0.011,59.905,22.294,2017-03-16 13:11:31,3,335
0.031,0.044 | 6.639 | 0.042,0.134 | 6.665 | 0.167,-0.258 | 6.433 | -0.048,0.210 | 6.469 | 0.067,-0.247 | 6.665 | -0.033,52.502,18.327,2017-03-16 13:11:31,4,335
0.029,0.046 | 6.638 | 0.043,0.130 | 6.661 | 0.172,-0.279 | 6.436 | -0.037,0.221 | 6.466 | 0.083,-0.253 | 6.667 | -0.021,56.606,20.960,2017-03-16 13:11:32,4,335
0.026,0.038 | 6.642 | 0.039,0.129 | 6.677 | 0.182,-0.314 | 6.467 | -0.023,0.230 | 6.486 | 0.094,-0.277 | 6.696 | -0.006,63.099,23.457,2017-03-16 13:11:32,4,335
0.026,0.036 | 6.644 | 0.038,0.131 | 6.684 | 0.187,-0.306 | 6.470 | -0.025,0.220 | 6.490 | 0.093,-0.280 | 6.701 | -0.007,61.455,21.826,2017-03-16 13:11:32,4,335
0.026,0.039 | 6.642 | 0.038,0.132 | 6.677 | 0.186,-0.281 | 6.451 | -0.034,0.210 | 6.481 | 0.085,-0.267 | 6.683 | -0.017,56.674,19.116,2017-03-16 13:11:32,4,335
0.026,0.041 | 6.642 | 0.039,0.126 | 6.673 | 0.182,-0.300 | 6.447 | -0.029,0.225 | 6.482 | 0.090,-0.263 | 6.677 | -0.023,56.767,22.043,2017-03-16 13:11:32,4,335
0.027,0.041 | 6.641 | 0.040,0.134 | 6.672 | 0.186,-0.278 | 6.414 | -0.038,0.215 | 6.477 | 0.088,-0.205 | 6.632 | -0.081,36.982,20.013,2017-03-16 13:11:33,4,335
0.027,0.044 | 6.638 | 0.042,0.129 | 6.662 | 0.186,-0.270 | 6.399 | -0.037,0.219 | 6.469 | 0.092,-0.153 | 6.593 | -0.093,19.977,21.380,2017-03-16 13:11:33,4,335
0.025,0.043 | 6.638 | 0.042,0.129 | 6.663 | 0.187,-0.279 | 6.402 | -0.041,0.220 | 6.469 | 0.094,-0.148 | 6.588 | -0.094,18.409,22.045,2017-03-16 13:11:33,4,335
0.024,0.043 | 6.639 | 0.041,0.128 | 6.664 | 0.188,-0.282 | 6.405 | -0.043,0.219 | 6.470 | 0.096,-0.151 | 6.590 | -0.097,19.338,21.887,2017-03-16 13:11:33,4,335
0.023,0.042 | 6.639 | 0.041,0.125 | 6.665 | 0.189,-0.283 | 6.407 | -0.043,0.217 | 6.471 | 0.097,-0.154 | 6.593 | -0.099,20.196,21.696,2017-03-16 13:11:33,5,335
0.022,0.041 | 6.639 | 0.040,0.123 | 6.666 | 0.190,-0.291 | 6.413 | -0.035,0.216 | 6.473 | 0.098,-0.193 | 6.617 | -0.089,33.264,21.587,2017-03-16 13:11:34,5,335
0.022,0.040 | 6.640 | 0.040,0.121 | 6.668 | 0.190,-0.290 | 6.433 | -0.027,0.214 | 6.474 | 0.099,-0.247 | 6.662 | -0.044,51.411,21.401,2017-03-16 13:11:34,5,335
0.024,0.036 | 6.641 | 0.039,0.122 | 6.674 | 0.192,-0.306 | 6.456 | -0.020,0.220 | 6.485 | 0.098,-0.273 | 6.687 | -0.012,59.244,22.157,2017-03-16 13:11:34,5,335
0.034,0.035 | 6.638 | 0.045,0.128 | 6.672 | 0.195,-0.297 | 6.454 | -0.026,0.211 | 6.478 | 0.094,-0.273 | 6.686 | -0.013,58.994,20.230,2017-03-16 13:11:34,5,335
0.033,0.040 | 6.636 | 0.047,0.125 | 6.663 | 0.189,-0.282 | 6.436 | -0.035,0.212 | 6.469 | 0.093,-0.257 | 6.668 | -0.024,55.341,20.011,2017-03-16 13:11:35,5,335
0.031,0.041 | 6.637 | 0.046,0.128 | 6.664 | 0.189,-0.285 | 6.435 | -0.033,0.215 | 6.469 | 0.095,-0.255 | 6.666 | -0.026,55.207,20.745,2017-03-16 13:11:35,5,335
0.029,0.041 | 6.638 | 0.045,0.130 | 6.667 | 0.191,-0.287 | 6.435 | -0.031,0.215 | 6.471 | 0.097,-0.256 | 6.666 | -0.024,55.306,20.751,2017-03-16 13:11:35,5,335
0.028,0.042 | 6.638 | 0.044,0.131 | 6.669 | 0.193,-0.286 | 6.436 | -0.030,0.215 | 6.472 | 0.098,-0.256 | 6.667 | -0.024,55.301,20.666,2017-03-16 13:11:35,5,335
0.027,0.042 | 6.639 | 0.043,0.132 | 6.669 | 0.193,-0.286 | 6.436 | -0.030,0.215 | 6.473 | 0.099,-0.256 | 6.667 | -0.025,55.232,20.636,2017-03-16 13:11:35,5,335
0.026,0.042 | 6.639 | 0.043,0.132 | 6.670 | 0.194,-0.285 | 6.436 | -0.031,0.215 | 6.473 | 0.099,-0.255 | 6.667 | -0.026,54.912,20.635,2017-03-16 13:11:36,6,335
0.023,0.038 | 6.643 | 0.037,0.133 | 6.681 | 0.194,-0.300 | 6.452 | -0.028,0.216 | 6.486 | 0.098,-0.267 | 6.682 | -0.026,56.843,21.094,2017-03-16 13:11:36,6,335
0.024,0.043 | 6.641 | 0.039,0.134 | 6.671 | 0.190,-0.276 | 6.414 | -0.036,0.214 | 6.475 | 0.093,-0.219 | 6.638 | -0.070,41.955,20.110,2017-03-16 13:11:36,6,335
0.024,0.044 | 6.640 | 0.040,0.133 | 6.668 | 0.189,-0.276 | 6.402 | -0.031,0.218 | 6.472 | 0.095,-0.181 | 6.608 | -0.087,29.339,20.844,2017-03-16 13:11:36,6,335
0.024,0.044 | 6.640 | 0.040,0.131 | 6.668 | 0.189,-0.280 | 6.393 | -0.039,0.219 | 6.473 | 0.096,-0.160 | 6.588 | -0.085,21.263,20.953,2017-03-16 13:11:36,6,335
0.023,0.044 | 6.640 | 0.040,0.129 | 6.668 | 0.190,-0.286 | 6.394 | -0.046,0.218 | 6.474 | 0.096,-0.154 | 6.582 | -0.083,18.868,20.844,2017-03-16 13:11:37,6,335
0.023,0.044 | 6.640 | 0.040,0.127 | 6.668 | 0.190,-0.290 | 6.395 | -0.049,0.217 | 6.474 | 0.097,-0.153 | 6.581 | -0.082,18.616,20.693,2017-03-16 13:11:37,6,335
0.023,0.044 | 6.641 | 0.040,0.125 | 6.668 | 0.191,-0.292 | 6.396 | -0.051,0.217 | 6.475 | 0.098,-0.154 | 6.581 | -0.082,18.693,20.555,2017-03-16 13:11:37,6,335
0.023,0.044 | 6.641 | 0.040,0.125 | 6.668 | 0.191,-0.295 | 6.407 | -0.054,0.216 | 6.475 | 0.098,-0.165 | 6.597 | -0.093,24.043,20.469,2017-03-16 13:11:37,6,335
0.022,0.043 | 6.640 | 0.039,0.124 | 6.668 | 0.191,-0.295 | 6.417 | -0.038,0.216 | 6.475 | 0.099,-0.207 | 6.628 | -0.083,39.075,20.467,2017-03-16 13:11:37,6,335
0.022,0.042 | 6.640 | 0.039,0.123 | 6.668 | 0.191,-0.287 | 6.424 | -0.030,0.215 | 6.475 | 0.099,-0.233 | 6.649 | -0.062,47.770,20.444,2017-03-16 13:11:38,7,335
0.021,0.042 | 6.640 | 0.039,0.124 | 6.669 | 0.191,-0.290 | 6.432 | -0.029,0.214 | 6.475 | 0.099,-0.248 | 6.661 | -0.041,52.552,20.414,2017-03-16 13:11:38,7,335
0.021,0.036 | 6.644 | 0.034,0.127 | 6.684 | 0.193,-0.320 | 6.474 | -0.020,0.220 | 6.493 | 0.098,-0.281 | 6.703 | -0.007,61.850,21.866,2017-03-16 13:11:38,7,335
0.026,0.038 | 6.643 | 0.035,0.134 | 6.678 | 0.189,-0.290 | 6.464 | -0.034,0.211 | 6.485 | 0.083,-0.273 | 6.696 | -0.016,58.299,19.689,2017-03-16 13:11:38,7,335
0.027,0.045 | 6.639 | 0.040,0.128 | 6.663 | 0.179,-0.275 | 6.438 | -0.043,0.216 | 6.469 | 0.084,-0.253 | 6.669 | -0.027,55.357,19.572,2017-03-16 13:11:39,7,335
0.026,0.044 | 6.639 | 0.041,0.128 | 6.664 | 0.182,-0.283 | 6.439 | -0.039,0.219 | 6.470 | 0.091,-0.255 | 6.670 | -0.025,56.642,20.735,2017-03-16 13:11:39,7,335
0.025,0.044 | 6.639 | 0.041,0.129 | 6.666 | 0.186,-0.285 | 6.440 | -0.035,0.218 | 6.471 | 0.094,-0.256 | 6.671 | -0.025,56.570,20.941,2017-03-16 13:11:39,7,335
0.025,0.044 | 6.639 | 0.040,0.131 | 6.668 | 0.189,-0.283 | 6.434 | -0.034,0.218 | 6.472 | 0.096,-0.251 | 6.665 | -0.032,54.494,20.902,2017-03-16 13:11:39,7,335
0.025,0.043 | 6.639 | 0.040,0.131 | 6.668 | 0.190,-0.283 | 6.420 | -0.031,0.217 | 6.473 | 0.097,-0.229 | 6.644 | -0.062,46.637,20.904,2017-03-16 13:11:39,7,335
0.024,0.038 | 6.642 | 0.037,0.128 | 6.680 | 0.191,-0.319 | 6.433 | -0.019,0.228 | 6.489 | 0.103,-0.226 | 6.641 | -0.069,41.871,23.796,2017-03-16 13:11:40,7,335
0.031,0.042 | 6.639 | 0.043,0.142 | 6.672 | 0.195,-0.279 | 6.400 | -0.061,0.212 | 6.476 | 0.090,-0.156 | 6.597 | -0.081,18.429,19.253,2017-03-16 13:11:40,8,335
0.034,0.048 | 6.636 | 0.048,0.133 | 6.659 | 0.188,-0.289 | 6.400 | -0.061,0.220 | 6.466 | 0.089,-0.137 | 6.576 | -0.080,16.251,19.455,2017-03-16 13:11:40,8,335
0.030,0.047 | 6.639 | 0.046,0.131 | 6.663 | 0.183,-0.303 | 6.409 | -0.062,0.223 | 6.471 | 0.088,-0.148 | 6.583 | -0.084,19.644,20.327,2017-03-16 13:11:40,8,335
0.027,0.047 | 6.640 | 0.044,0.129 | 6.668 | 0.182,-0.300 | 6.412 | -0.062,0.220 | 6.474 | 0.090,-0.153 | 6.591 | -0.091,20.828,20.439,2017-03-16 13:11:40,8,335
0.025,0.046 | 6.639 | 0.042,0.126 | 6.668 | 0.186,-0.302 | 6.422 | -0.041,0.218 | 6.474 | 0.095,-0.188 | 6.619 | -0.091,33.789,20.539,2017-03-16 13:11:41,8,335
0.024,0.044 | 6.639 | 0.041,0.125 | 6.668 | 0.189,-0.298 | 6.428 | -0.025,0.217 | 6.474 | 0.097,-0.225 | 6.645 | -0.069,45.786,20.667,2017-03-16 13:11:41,8,335
0.023,0.043 | 6.639 | 0.040,0.125 | 6.668 | 0.190,-0.292 | 6.433 | -0.024,0.216 | 6.474 | 0.098,-0.241 | 6.659 | -0.052,50.989,20.690,2017-03-16 13:11:41,8,335
0.025,0.043 | 6.639 | 0.041,0.127 | 6.666 | 0.191,-0.292 | 6.435 | -0.025,0.216 | 6.474 | 0.094,-0.252 | 6.665 | -0.035,54.422,20.362,2017-03-16 13:11:41,8,335
0.029,0.041 | 6.639 | 0.043,0.130 | 6.663 | 0.187,-0.294 | 6.440 | -0.033,0.219 | 6.473 | 0.086,-0.256 | 6.670 | -0.034,56.831,20.691,2017-03-16 13:11:41,8,335
0.031,0.041 | 6.640 | 0.045,0.131 | 6.664 | 0.182,-0.293 | 6.443 | -0.036,0.220 | 6.473 | 0.081,-0.257 | 6.673 | -0.036,57.686,21.003,2017-03-16 13:11:42,8,335
0.028,0.038 | 6.643 | 0.040,0.129 | 6.675 | 0.177,-0.311 | 6.460 | -0.028,0.227 | 6.485 | 0.084,-0.269 | 6.690 | -0.029,60.428,22.568,2017-03-16 13:11:42,9,335
0.023,0.042 | 6.644 | 0.037,0.132 | 6.674 | 0.175,-0.286 | 6.448 | -0.043,0.217 | 6.480 | 0.077,-0.256 | 6.679 | -0.043,55.441,20.138,2017-03-16 13:11:42,9,335
0.026,0.045 | 6.641 | 0.041,0.129 | 6.666 | 0.178,-0.277 | 6.420 | -0.039,0.219 | 6.473 | 0.086,-0.224 | 6.645 | -0.066,45.893,20.438,2017-03-16 13:11:42,9,335
0.024,0.041 | 6.644 | 0.036,0.132 | 6.682 | 0.186,-0.318 | 6.434 | -0.026,0.232 | 6.491 | 0.098,-0.207 | 6.632 | -0.077,36.114,23.590,2017-03-16 13:11:43,9,335
0.027,0.045 | 6.640 | 0.040,0.138 | 6.671 | 0.188,-0.265 | 6.399 | -0.065,0.211 | 6.474 | 0.087,-0.133 | 6.589 | -0.095,13.400,17.879,2017-03-16 13:11:43,9,335
0.029,0.048 | 6.639 | 0.044,0.128 | 6.662 | 0.185,-0.287 | 6.401 | -0.058,0.218 | 6.469 | 0.090,-0.135 | 6.575 | -0.088,16.470,18.765,2017-03-16 13:11:43,9,335
0.028,0.049 | 6.640 | 0.044,0.129 | 6.667 | 0.186,-0.303 | 6.407 | -0.060,0.220 | 6.474 | 0.094,-0.150 | 6.582 | -0.085,21.339,19.118,2017-03-16 13:11:43,9,335
0.026,0.047 | 6.639 | 0.043,0.126 | 6.669 | 0.188,-0.314 | 6.421 | -0.055,0.217 | 6.474 | 0.098,-0.186 | 6.613 | -0.089,34.583,18.952,2017-03-16 13:11:43,9,335
0.025,0.045 | 6.639 | 0.041,0.123 | 6.670 | 0.191,-0.309 | 6.433 | -0.036,0.214 | 6.475 | 0.101,-0.232 | 6.651 | -0.065,50.751,19.023,2017-03-16 13:11:44,9,335
0.025,0.044 | 6.639 | 0.041,0.123 | 6.670 | 0.194,-0.301 | 6.439 | -0.033,0.214 | 6.476 | 0.103,-0.248 | 6.666 | -0.047,56.019,19.049,2017-03-16 13:11:44,9,335
0.025,0.038 | 6.643 | 0.039,0.119 | 6.681 | 0.197,-0.328 | 6.470 | -0.021,0.221 | 6.491 | 0.109,-0.276 | 6.697 | -0.019,63.415,21.427,2017-03-16 13:11:44,10,335
0.027,0.031 | 6.647 | 0.034,0.130 | 6.694 | 0.196,-0.327 | 6.494 | -0.018,0.214 | 6.503 | 0.092,-0.292 | 6.724 | -0.006,63.583,21.934,2017-03-16 13:11:44,10,335
0.030,0.040 | 6.643 | 0.039,0.135 | 6.677 | 0.182,-0.269 | 6.443 | -0.045,0.202 | 6.481 | 0.076,-0.253 | 6.675 | -0.036,51.288,17.500,2017-03-16 13:11:44,10,335
0.029,0.045 | 6.640 | 0.041,0.129 | 6.668 | 0.175,-0.285 | 6.432 | -0.044,0.217 | 6.473 | 0.082,-0.246 | 6.662 | -0.038,53.525,19.027,2017-03-16 13:11:45,10,335
0.028,0.045 | 6.640 | 0.042,0.128 | 6.669 | 0.181,-0.292 | 6.435 | -0.042,0.217 | 6.473 | 0.092,-0.248 | 6.664 | -0.039,56.218,18.989,2017-03-16 13:11:45,10,335
0.028,0.045 | 6.640 | 0.042,0.128 | 6.671 | 0.189,-0.290 | 6.423 | -0.042,0.215 | 6.474 | 0.099,-0.231 | 6.647 | -0.061,50.111,18.932,2017-03-16 13:11:45,10,335
0.026,0.044 | 6.640 | 0.041,0.127 | 6.672 | 0.193,-0.287 | 6.402 | -0.046,0.213 | 6.475 | 0.102,-0.177 | 6.603 | -0.089,29.851,18.901,2017-03-16 13:11:45,10,335
0.025,0.043 | 6.640 | 0.041,0.125 | 6.672 | 0.195,-0.291 | 6.401 | -0.055,0.212 | 6.476 | 0.104,-0.158 | 6.590 | -0.092,22.511,18.959,2017-03-16 13:11:45,10,335
0.025,0.043 | 6.640 | 0.041,0.122 | 6.672 | 0.196,-0.294 | 6.405 | -0.060,0.211 | 6.476 | 0.106,-0.155 | 6.588 | -0.095,21.143,18.917,2017-03-16 13:11:46,10,335
0.024,0.042 | 6.640 | 0.041,0.120 | 6.672 | 0.197,-0.297 | 6.405 | -0.058,0.210 | 6.477 | 0.107,-0.159 | 6.589 | -0.094,22.305,18.801,2017-03-16 13:11:46,10,335
0.024,0.042 | 6.640 | 0.041,0.118 | 6.673 | 0.199,-0.297 | 6.403 | -0.059,0.209 | 6.478 | 0.109,-0.160 | 6.588 | -0.092,22.177,18.615,2017-03-16 13:11:46,11,335
0.024,0.042 | 6.640 | 0.041,0.117 | 6.673 | 0.200,-0.297 | 6.406 | -0.061,0.208 | 6.478 | 0.111,-0.153 | 6.586 | -0.095,19.998,18.463,2017-03-16 13:11:46,11,335
0.024,0.042 | 6.639 | 0.041,0.117 | 6.673 | 0.202,-0.298 | 6.407 | -0.060,0.207 | 6.478 | 0.111,-0.152 | 6.586 | -0.095,19.738,18.325,2017-03-16 13:11:47,11,335
0.027,0.043 | 6.638 | 0.043,0.122 | 6.664 | 0.202,-0.304 | 6.410 | -0.062,0.208 | 6.470 | 0.104,-0.156 | 6.589 | -0.093,21.159,18.950,2017-03-16 13:11:47,11,335
0.028,0.044 | 6.638 | 0.043,0.128 | 6.660 | 0.194,-0.306 | 6.410 | -0.064,0.213 | 6.467 | 0.095,-0.161 | 6.591 | -0.089,22.955,19.729,2017-03-16 13:11:47,11,335
0.028,0.045 | 6.638 | 0.043,0.131 | 6.658 | 0.188,-0.306 | 6.411 | -0.067,0.216 | 6.466 | 0.088,-0.161 | 6.592 | -0.089,23.694,20.051,2017-03-16 13:11:47,11,335
0.029,0.045 | 6.638 | 0.044,0.134 | 6.656 | 0.184,-0.307 | 6.412 | -0.069,0.219 | 6.465 | 0.080,-0.161 | 6.593 | -0.090,24.110,20.524,2017-03-16 13:11:47,11,335
0.029,0.046 | 6.638 | 0.044,0.136 | 6.655 | 0.179,-0.307 | 6.414 | -0.070,0.222 | 6.464 | 0.075,-0.161 | 6.595 | -0.090,24.274,20.869,2017-03-16 13:11:48,11,335
0.029,0.047 | 6.638 | 0.043,0.137 | 6.656 | 0.176,-0.307 | 6.414 | -0.070,0.223 | 6.465 | 0.073,-0.161 | 6.595 | -0.090,24.567,20.950,2017-03-16 13:11:48,11,335
0.028,0.047 | 6.638 | 0.043,0.136 | 6.656 | 0.176,-0.307 | 6.414 | -0.070,0.223 | 6.465 | 0.074,-0.161 | 6.595 | -0.089,24.748,20.896,2017-03-16 13:11:48,11,335
0.028,0.047 | 6.638 | 0.043,0.137 | 6.656 | 0.177,-0.307 | 6.414 | -0.071,0.224 | 6.465 | 0.075,-0.162 | 6.595 | -0.089,24.939,21.009,2017-03-16 13:11:48,12,335
0.027,0.048 | 6.638 | 0.043,0.139 | 6.656 | 0.176,-0.308 | 6.414 | -0.071,0.225 | 6.465 | 0.074,-0.163 | 6.596 | -0.088,25.247,21.154,2017-03-16 13:11:48,12,335
0.027,0.048 | 6.638 | 0.042,0.139 | 6.657 | 0.176,-0.307 | 6.414 | -0.071,0.225 | 6.465 | 0.076,-0.162 | 6.596 | -0.088,25.198,21.206,2017-03-16 13:11:49,12,335
0.025,0.047 | 6.640 | 0.038,0.140 | 6.664 | 0.175,-0.330 | 6.432 | -0.058,0.234 | 6.473 | 0.079,-0.178 | 6.607 | -0.083,28.985,23.048,2017-03-16 13:11:49,12,335
0.027,0.050 | 6.638 | 0.040,0.150 | 6.660 | 0.177,-0.300 | 6.417 | -0.076,0.228 | 6.467 | 0.073,-0.158 | 6.602 | -0.089,23.486,21.493,2017-03-16 13:11:49,12,335
0.025,0.048 | 6.641 | 0.036,0.152 | 6.668 | 0.179,-0.320 | 6.434 | -0.069,0.235 | 6.476 | 0.075,-0.173 | 6.615 | -0.084,26.987,23.079,2017-03-16 13:11:49,12,335
0.032,0.050 | 6.635 | 0.045,0.147 | 6.655 | 0.178,-0.293 | 6.409 | -0.070,0.226 | 6.461 | 0.075,-0.150 | 6.592 | -0.086,21.464,21.218,2017-03-16 13:11:49,12,335
0.029,0.048 | 6.638 | 0.041,0.142 | 6.657 | 0.180,-0.309 | 6.422 | -0.072,0.230 | 6.469 | 0.073,-0.164 | 6.604 | -0.086,24.708,22.035,2017-03-16 13:11:50,12,335
0.031,0.049 | 6.636 | 0.044,0.139 | 6.650 | 0.177,-0.301 | 6.413 | -0.069,0.228 | 6.462 | 0.072,-0.155 | 6.594 | -0.086,23.070,21.685,2017-03-16 13:11:50,12,335
0.031,0.050 | 6.635 | 0.045,0.140 | 6.649 | 0.177,-0.304 | 6.413 | -0.068,0.230 | 6.461 | 0.073,-0.157 | 6.593 | -0.085,24.127,22.152,2017-03-16 13:11:50,12,335
0.028,0.048 | 6.638 | 0.040,0.140 | 6.659 | 0.173,-0.329 | 6.431 | -0.054,0.239 | 6.471 | 0.078,-0.176 | 6.605 | -0.079,28.898,23.911,2017-03-16 13:11:50,13,335
0.022,0.044 | 6.643 | 0.034,0.139 | 6.684 | 0.169,-0.298 | 6.414 | -0.083,0.210 | 6.480 | 0.082,-0.167 | 6.606 | -0.090,22.943,17.727,2017-03-16 13:11:50,13,335
0.024,0.044 | 6.640 | 0.041,0.107 | 6.681 | 0.188,-0.297 | 6.398 | -0.073,0.193 | 6.476 | 0.117,-0.155 | 6.581 | -0.090,21.145,14.470,2017-03-16 13:11:51,13,335
0.025,0.046 | 6.640 | 0.042,0.106 | 6.680 | 0.213,-0.307 | 6.402 | -0.065,0.197 | 6.481 | 0.131,-0.162 | 6.584 | -0.086,23.986,15.407,2017-03-16 13:11:51,13,335
0.025,0.048 | 6.641 | 0.042,0.111 | 6.679 | 0.226,-0.306 | 6.403 | -0.064,0.200 | 6.484 | 0.134,-0.162 | 6.585 | -0.085,24.331,15.712,2017-03-16 13:11:51,13,335
0.026,0.050 | 6.641 | 0.043,0.114 | 6.680 | 0.232,-0.303 | 6.402 | -0.062,0.202 | 6.486 | 0.137,-0.160 | 6.585 | -0.084,24.364,15.488,2017-03-16 13:11:51,13,335
0.027,0.053 | 6.641 | 0.045,0.113 | 6.683 | 0.237,-0.300 | 6.402 | -0.060,0.203 | 6.489 | 0.145,-0.158 | 6.585 | -0.082,24.360,14.864,2017-03-16 13:11:52,13,335
0.028,0.054 | 6.642 | 0.046,0.111 | 6.686 | 0.244,-0.298 | 6.401 | -0.059,0.202 | 6.493 | 0.152,-0.156 | 6.585 | -0.080,24.280,14.355,2017-03-16 13:11:52,13,335
0.028,0.055 | 6.642 | 0.046,0.109 | 6.689 | 0.248,-0.297 | 6.401 | -0.059,0.201 | 6.496 | 0.157,-0.155 | 6.585 | -0.080,24.054,13.913,2017-03-16 13:11:52,13,335
0.028,0.054 | 6.642 | 0.046,0.109 | 6.689 | 0.251,-0.297 | 6.401 | -0.059,0.201 | 6.496 | 0.158,-0.155 | 6.585 | -0.081,23.973,13.917,2017-03-16 13:11:52,13,335
0.013,0.048 | 6.653 | 0.027,0.106 | 6.731 | 0.231,-0.354 | 6.446 | -0.033,0.203 | 6.531 | 0.161,-0.202 | 6.618 | -0.071,33.327,14.493,2017-03-16 13:11:52,14,335
0.007,0.044 | 6.659 | 0.016,0.128 | 6.739 | 0.259,-0.339 | 6.455 | -0.069,0.198 | 6.544 | 0.152,-0.197 | 6.639 | -0.085,29.082,15.348,2017-03-16 13:11:53,14,335
0.017,0.046 | 6.656 | 0.024,0.126 | 6.750 | 0.255,-0.315 | 6.440 | -0.063,0.201 | 6.545 | 0.174,-0.174 | 6.625 | -0.082,22.546,15.872,2017-03-16 13:11:53,14,335
0.022,0.048 | 6.654 | 0.028,0.152 | 6.716 | 0.266,-0.314 | 6.437 | -0.055,0.219 | 6.525 | 0.151,-0.171 | 6.620 | -0.076,22.264,19.772,2017-03-16 13:11:53,14,335
0.024,0.048 | 6.653 | 0.030,0.144 | 6.716 | 0.262,-0.313 | 6.438 | -0.053,0.220 | 6.524 | 0.153,-0.169 | 6.619 | -0.075,22.210,19.636,2017-03-16 13:11:53,14,335
0.025,0.049 | 6.653 | 0.031,0.147 | 6.710 | 0.250,-0.313 | 6.438 | -0.052,0.224 | 6.519 | 0.142,-0.168 | 6.619 | -0.074,22.221,20.377,2017-03-16 13:11:53,14,335
0.025,0.049 | 6.653 | 0.032,0.146 | 6.709 | 0.244,-0.312 | 6.438 | -0.051,0.226 | 6.517 | 0.139,-0.168 | 6.620 | -0.074,22.228,21.053,2017-03-16 13:11:54,14,335
0.026,0.049 | 6.652 | 0.032,0.153 | 6.724 | 0.246,-0.312 | 6.436 | -0.050,0.223 | 6.522 | 0.155,-0.170 | 6.619 | -0.072,22.558,20.520,2017-03-16 13:11:54,14,335
0.026,0.050 | 6.652 | 0.032,0.161 | 6.735 | 0.245,-0.312 | 6.435 | -0.049,0.222 | 6.525 | 0.163,-0.171 | 6.619 | -0.071,22.818,20.174,2017-03-16 13:11:54,14,335
0.026,0.050 | 6.652 | 0.032,0.146 | 6.727 | 0.262,-0.312 | 6.435 | -0.049,0.221 | 6.527 | 0.168,-0.171 | 6.619 | -0.071,22.987,20.055,2017-03-16 13:11:54,14,335
0.026,0.050 | 6.652 | 0.032,0.164 | 6.739 | 0.244,-0.312 | 6.434 | -0.049,0.223 | 6.528 | 0.167,-0.170 | 6.618 | -0.070,22.873,20.494,2017-03-16 13:11:54,15,335
0.027,0.050 | 6.652 | 0.033,0.170 | 6.744 | 0.214,-0.311 | 6.435 | -0.049,0.230 | 6.526 | 0.157,-0.167 | 6.617 | -0.070,22.670,21.176,2017-03-16 13:11:55,15,335
