<xml xmlns:o="urn:schemas-microsoft-com:office:office">
 <o:MainFile HRef="../Wingman_targets_Manual.html"/>
 <o:File HRef="item0046.xml"/>
 <o:File HRef="props0047.xml"/>
 <o:File HRef="item0048.xml"/>
 <o:File HRef="props0049.xml"/>
 <o:File HRef="themedata.thmx"/>
 <o:File HRef="colorschememapping.xml"/>
 <o:File HRef="image051.png"/>
 <o:File HRef="image060.png"/>
 <o:File HRef="image073.png"/>
 <o:File HRef="image074.png"/>
 <o:File HRef="image075.png"/>
 <o:File HRef="image076.png"/>
 <o:File HRef="image077.png"/>
 <o:File HRef="image078.png"/>
 <o:File HRef="image079.png"/>
 <o:File HRef="image080.png"/>
 <o:File HRef="image081.png"/>
 <o:File HRef="image082.png"/>
 <o:File HRef="image083.png"/>
 <o:File HRef="image084.png"/>
 <o:File HRef="image085.png"/>
 <o:File HRef="image086.png"/>
 <o:File HRef="image087.png"/>
 <o:File HRef="image088.png"/>
 <o:File HRef="image089.png"/>
 <o:File HRef="image090.png"/>
 <o:File HRef="image091.png"/>
 <o:File HRef="image092.png"/>
 <o:File HRef="image093.png"/>
 <o:File HRef="image094.png"/>
 <o:File HRef="image095.png"/>
 <o:File HRef="image097.png"/>
 <o:File HRef="image098.png"/>
 <o:File HRef="image099.png"/>
 <o:File HRef="image100.png"/>
 <o:File HRef="image102.png"/>
 <o:File HRef="image103.png"/>
 <o:File HRef="image104.png"/>
 <o:File HRef="image105.png"/>
 <o:File HRef="image106.png"/>
 <o:File HRef="image107.png"/>
 <o:File HRef="image108.png"/>
 <o:File HRef="image109.png"/>
 <o:File HRef="header.html"/>
 <o:File HRef="filelist.xml"/>
</xml>