<xml xmlns:o="urn:schemas-microsoft-com:office:office">
 <o:MainFile HRef="../Web_portal_Super_Admin.html"/>
 <o:File HRef="item0094.xml"/>
 <o:File HRef="props0095.xml"/>
 <o:File HRef="item0096.xml"/>
 <o:File HRef="props0097.xml"/>
 <o:File HRef="themedata.thmx"/>
 <o:File HRef="colorschememapping.xml"/>
 <o:File HRef="image158.png"/>
 <o:File HRef="image159.png"/>
 <o:File HRef="image160.png"/>
 <o:File HRef="image161.png"/>
 <o:File HRef="image162.png"/>
 <o:File HRef="image163.png"/>
 <o:File HRef="image164.png"/>
 <o:File HRef="image165.png"/>
 <o:File HRef="image166.png"/>
 <o:File HRef="image167.png"/>
 <o:File HRef="image168.png"/>
 <o:File HRef="image169.png"/>
 <o:File HRef="image170.png"/>
 <o:File HRef="image171.png"/>
 <o:File HRef="image172.png"/>
 <o:File HRef="image173.png"/>
 <o:File HRef="image174.png"/>
 <o:File HRef="image175.png"/>
 <o:File HRef="image176.png"/>
 <o:File HRef="image177.png"/>
 <o:File HRef="image178.png"/>
 <o:File HRef="image179.png"/>
 <o:File HRef="image180.png"/>
 <o:File HRef="image181.png"/>
 <o:File HRef="image182.png"/>
 <o:File HRef="image183.png"/>
 <o:File HRef="image184.png"/>
 <o:File HRef="image185.png"/>
 <o:File HRef="image186.png"/>
 <o:File HRef="image187.png"/>
 <o:File HRef="image188.png"/>
 <o:File HRef="image189.png"/>
 <o:File HRef="image190.png"/>
 <o:File HRef="image191.png"/>
 <o:File HRef="image192.png"/>
 <o:File HRef="image193.png"/>
 <o:File HRef="image194.png"/>
 <o:File HRef="image195.png"/>
 <o:File HRef="image196.png"/>
 <o:File HRef="image197.png"/>
 <o:File HRef="image198.png"/>
 <o:File HRef="image003.jpg"/>
 <o:File HRef="image200.png"/>
 <o:File HRef="image201.png"/>
 <o:File HRef="image202.png"/>
 <o:File HRef="image203.png"/>
 <o:File HRef="image204.png"/>
 <o:File HRef="image205.png"/>
 <o:File HRef="image206.png"/>
 <o:File HRef="image207.png"/>
 <o:File HRef="image208.png"/>
 <o:File HRef="image209.png"/>
 <o:File HRef="image210.png"/>
 <o:File HRef="image211.png"/>
 <o:File HRef="image212.png"/>
 <o:File HRef="image213.png"/>
 <o:File HRef="image214.png"/>
 <o:File HRef="image215.png"/>
 <o:File HRef="image216.png"/>
 <o:File HRef="image217.png"/>
 <o:File HRef="image218.png"/>
 <o:File HRef="image219.png"/>
 <o:File HRef="image220.png"/>
 <o:File HRef="image221.png"/>
 <o:File HRef="image004.jpg"/>
 <o:File HRef="image223.png"/>
 <o:File HRef="image224.png"/>
 <o:File HRef="image225.png"/>
 <o:File HRef="image226.png"/>
 <o:File HRef="image227.png"/>
 <o:File HRef="image228.png"/>
 <o:File HRef="image229.png"/>
 <o:File HRef="image230.png"/>
 <o:File HRef="image231.png"/>
 <o:File HRef="image232.png"/>
 <o:File HRef="image233.png"/>
 <o:File HRef="image234.png"/>
 <o:File HRef="image235.png"/>
 <o:File HRef="image236.png"/>
 <o:File HRef="image237.png"/>
 <o:File HRef="image238.png"/>
 <o:File HRef="image239.png"/>
 <o:File HRef="image240.png"/>
 <o:File HRef="image241.png"/>
 <o:File HRef="image242.png"/>
 <o:File HRef="header.html"/>
 <o:File HRef="filelist.xml"/>
</xml>