<xml xmlns:o="urn:schemas-microsoft-com:office:office">
 <o:MainFile HRef="../Web_portal_Admin.html"/>
 <o:File HRef="item0075.xml"/>
 <o:File HRef="props0076.xml"/>
 <o:File HRef="item0077.xml"/>
 <o:File HRef="props0078.xml"/>
 <o:File HRef="themedata.thmx"/>
 <o:File HRef="colorschememapping.xml"/>
 <o:File HRef="image126.png"/>
 <o:File HRef="image127.png"/>
 <o:File HRef="image128.png"/>
 <o:File HRef="image129.png"/>
 <o:File HRef="image130.png"/>
 <o:File HRef="image131.png"/>
 <o:File HRef="image132.png"/>
 <o:File HRef="image133.png"/>
 <o:File HRef="image134.png"/>
 <o:File HRef="image135.png"/>
 <o:File HRef="image136.png"/>
 <o:File HRef="image137.png"/>
 <o:File HRef="image138.png"/>
 <o:File HRef="image139.png"/>
 <o:File HRef="image140.png"/>
 <o:File HRef="image141.png"/>
 <o:File HRef="image142.png"/>
 <o:File HRef="image143.png"/>
 <o:File HRef="image144.png"/>
 <o:File HRef="image145.png"/>
 <o:File HRef="image146.png"/>
 <o:File HRef="image147.png"/>
 <o:File HRef="image148.png"/>
 <o:File HRef="image149.png"/>
 <o:File HRef="image150.png"/>
 <o:File HRef="image151.png"/>
 <o:File HRef="image152.png"/>
 <o:File HRef="image153.png"/>
 <o:File HRef="image154.png"/>
 <o:File HRef="image155.png"/>
 <o:File HRef="image156.png"/>
 <o:File HRef="image157.png"/>
 <o:File HRef="image158.png"/>
 <o:File HRef="image159.png"/>
 <o:File HRef="image160.png"/>
 <o:File HRef="image161.png"/>
 <o:File HRef="image162.png"/>
 <o:File HRef="image163.png"/>
 <o:File HRef="image164.png"/>
 <o:File HRef="image165.png"/>
 <o:File HRef="image166.png"/>
 <o:File HRef="image167.png"/>
 <o:File HRef="image168.png"/>
 <o:File HRef="image169.png"/>
 <o:File HRef="image170.png"/>
 <o:File HRef="image171.png"/>
 <o:File HRef="image172.png"/>
 <o:File HRef="image173.png"/>
 <o:File HRef="image174.png"/>
 <o:File HRef="image175.png"/>
 <o:File HRef="image176.png"/>
 <o:File HRef="image177.png"/>
 <o:File HRef="image178.png"/>
 <o:File HRef="image179.png"/>
 <o:File HRef="image180.png"/>
 <o:File HRef="image181.png"/>
 <o:File HRef="image182.png"/>
 <o:File HRef="image183.png"/>
 <o:File HRef="image184.png"/>
 <o:File HRef="image185.png"/>
 <o:File HRef="image186.png"/>
 <o:File HRef="image001.jpg"/>
 <o:File HRef="image188.png"/>
 <o:File HRef="image002.jpg"/>
 <o:File HRef="image190.png"/>
 <o:File HRef="image191.png"/>
 <o:File HRef="header.html"/>
 <o:File HRef="filelist.xml"/>
</xml>